<?xml version="1.0" encoding="UTF-8"?>
<osis xmlns="http://www.bibletechnologies.net/2003/OSIS/namespace" xmlns:xsi="http://www.w3.org/2001/XMLSchema-instance" xsi:schemaLocation="http://www.bibletechnologies.net/2003/OSIS/namespace http://www.bibletechnologies.net/osisCore.2.1.1.xsd">
  <osisText xml:lang="he" osisIDWork="OSHB" osisRefWork="Bible">
    <header>
      <revisionDesc resp="dt">
        <date>2018.1.5</date>
        <p>Release of full morphology</p>
      </revisionDesc>
      <revisionDesc resp="dt">
        <date>2016.03.03</date>
        <p>Updated to WLC version 4.20.</p>
      </revisionDesc>
      <revisionDesc resp="dt">
        <date>2013.12.11</date>
        <p>First release of morphology on selected portions.</p>
      </revisionDesc>
      <revisionDesc resp="dt">
        <date>2013.07.10</date>
        <p>Updated to WLC version 4.18.</p>
      </revisionDesc>
      <revisionDesc resp="dt">
        <date>2012.07.18</date>
        <p>Updated to WLC version 4.16.</p>
      </revisionDesc>
      <revisionDesc resp="dt">
        <date>2011.01.21</date>
        <p>Updated to WLC version 4.14.</p>
      </revisionDesc>
      <revisionDesc resp="dt">
        <date>2008.08.08</date>
        <p>Convert the Westminster Leningrad Codex files from TEI markup to OSIS book files.</p>
      </revisionDesc>
      <work osisWork="OSHB" xml:lang="he">
        <title>Open Scriptures Hebrew Bible</title>
        <contributor role="edt">Daniel Owens</contributor>
        <contributor role="edt">David Troidl</contributor>
        <date>2007.9.16</date>
        <identifier type="URL">https://github.com/openscriptures/morphhb</identifier>
        <rights type="x-BY">Creative Commons Attribution 4.0</rights>
        <refSystem>Bible.MT</refSystem>
      </work>
      <work osisWork="WLC" xml:lang="he">
        <title>Westminster Leningrad Codex</title>
        <contributor role="edt">Christopher V. Kimball</contributor>
        <date>2007.9.16</date>
        <identifier type="URL">http://www.tanach.us/Tanach.xml</identifier>
        <rights>Public Domain</rights>
        <refSystem>Bible.MT</refSystem>
      </work>
      <work osisWork="BHS" xml:lang="he">
        <title>BHS unaccented with Strongs</title>
        <contributor role="edt">Joseph Planeta</contributor>
        <contributor role="edt">Rev. Graham Nind</contributor>
        <description>Unaccented Biblia Hebraica Stuttgartensia Hebrew with Strong's numbers by Rev. Graham.</description>
        <identifier type="URL">http://www.faithofgod.net/</identifier>
        <identifier type="URL">http://www.grahamnind.dsl.pipex.com/files</identifier>
        <rights>Public Domain</rights>
      </work>
      <work osisWork="Strong" xml:lang="en">
        <title>A Concise Dictionary of the Words in the Hebrew Bible</title>
        <title type="sub">with their Renderings in the King James Version</title>
        <contributor role="edt">David Troidl</contributor>
        <contributor role="edt">David Instone-Brewer</contributor>
        <creator role="edt">James Strong, LL.D., S.T.D.</creator>
        <date>1894</date>
        <description resp="dib">The data came from several PD sources which were full of errors. I cleaned them by comparing them to each other and (where necessary) looking at the original.</description>
        <publisher>Hunt &amp; Eaton</publisher>
        <identifier type="URL">www.2LetterLookup.com</identifier>
        <source>The exhaustive concordance of the Bible:</source>
        <rights>Public Domain</rights>
        <refSystem>Dict.Strongs</refSystem>
      </work>
      <work osisWork="OSHM" xml:lang="en">
        <title>Open Scriptures Hebrew Morphology</title>
        <contributor role="ctb">Chapel Presson</contributor>
        <contributor role="ctb">Daniel Owens</contributor>
        <contributor role="ctb">David Troidl</contributor>
        <contributor role="ctb">Jesse Griffin</contributor>
        <contributor role="ctb">Andy Hubert</contributor>
        <contributor role="ctb">Angela Westmoreland</contributor>
        <contributor role="ctb">Grant Ailie</contributor>
        <contributor role="ctb">Joel Ruark</contributor>
        <contributor role="ctb">Kenny Hilliard</contributor>
        <contributor role="ctb">Luong Hao Tran</contributor>
        <contributor role="ctb">Nathan Wilson</contributor>
        <contributor role="ctb">Ryan Davis</contributor>
        <contributor role="ctb">Aaron Laws</contributor>
        <contributor role="ctb">Adam Nagelvoort</contributor>
        <contributor role="ctb">Adriel Ickler</contributor>
        <contributor role="ctb">Agus Santoso</contributor>
        <contributor role="ctb">Andy Hophd</contributor>
        <contributor role="ctb">Angelo Salais</contributor>
        <contributor role="ctb">Annie Jeong</contributor>
        <contributor role="ctb">Ariel Tidre Ferreira</contributor>
        <contributor role="ctb">Artsiom Vorsa</contributor>
        <contributor role="ctb">artyom vorsa</contributor>
        <contributor role="ctb">Ashley Whitlatch</contributor>
        <contributor role="ctb">Austen Dutton</contributor>
        <contributor role="ctb">Barry Smith</contributor>
        <contributor role="ctb">Ben Dwyer</contributor>
        <contributor role="ctb">Ben Wulpi</contributor>
        <contributor role="ctb">Benjamin Epstein</contributor>
        <contributor role="ctb">Bill Chaffin</contributor>
        <contributor role="ctb">Braxton Bogard</contributor>
        <contributor role="ctb">Bret Stewart</contributor>
        <contributor role="ctb">Bruce Taylor</contributor>
        <contributor role="ctb">Bryant Huang</contributor>
        <contributor role="ctb">Caleb Maclennan</contributor>
        <contributor role="ctb">chad buel</contributor>
        <contributor role="ctb">Chase Parkey</contributor>
        <contributor role="ctb">Cheryl Riddell</contributor>
        <contributor role="ctb">Chris McKirgan</contributor>
        <contributor role="ctb">Christof  Bucherer</contributor>
        <contributor role="ctb">ciro izzo</contributor>
        <contributor role="ctb">Clemens Gudenus</contributor>
        <contributor role="ctb">Cody Kingham</contributor>
        <contributor role="ctb">Cody Marceau</contributor>
        <contributor role="ctb">Collin Hatcher</contributor>
        <contributor role="ctb">Connie Andrews</contributor>
        <contributor role="ctb">Damien Riegel</contributor>
        <contributor role="ctb">Dan Simmons</contributor>
        <contributor role="ctb">Daniel Bowman</contributor>
        <contributor role="ctb">Danielle Pamela</contributor>
        <contributor role="ctb">Darla Nine</contributor>
        <contributor role="ctb">Darrell Smith</contributor>
        <contributor role="ctb">Dave Jones</contributor>
        <contributor role="ctb">Dave Whitman</contributor>
        <contributor role="ctb">David Carr</contributor>
        <contributor role="ctb">David Cohen</contributor>
        <contributor role="ctb">David Laycock</contributor>
        <contributor role="ctb">David Lewis</contributor>
        <contributor role="ctb">David Roth</contributor>
        <contributor role="ctb">David Uhrik</contributor>
        <contributor role="ctb">Diana Zhang</contributor>
        <contributor role="ctb">Diego Chaves</contributor>
        <contributor role="ctb">Dmitriy Kashelevskiy</contributor>
        <contributor role="ctb">doug hendren</contributor>
        <contributor role="ctb">Eddy Yates</contributor>
        <contributor role="ctb">Edgar Vorsa</contributor>
        <contributor role="ctb">Eduardo Martorano</contributor>
        <contributor role="ctb">Eiichi  Masuda </contributor>
        <contributor role="ctb">Eliezer Abreu</contributor>
        <contributor role="ctb">Eric Wong</contributor>
        <contributor role="ctb">Esther Dang</contributor>
        <contributor role="ctb">Ferenczi Kristof</contributor>
        <contributor role="ctb">Flavio Souza</contributor>
        <contributor role="ctb">Frederick Edelstein</contributor>
        <contributor role="ctb">Gantumur Luvsangombo</contributor>
        <contributor role="ctb">Gary Rickman</contributor>
        <contributor role="ctb">Geert Kok</contributor>
        <contributor role="ctb">Gerald Broadbent</contributor>
        <contributor role="ctb">Gergely Juhasz</contributor>
        <contributor role="ctb">Giancarlos Toro</contributor>
        <contributor role="ctb">Greg Walton</contributor>
        <contributor role="ctb">Hamidreza Hatamikasavand</contributor>
        <contributor role="ctb">Hector Molano</contributor>
        <contributor role="ctb">Hermanus Taute</contributor>
        <contributor role="ctb">hermon chan</contributor>
        <contributor role="ctb">Hyman Robles</contributor>
        <contributor role="ctb">Hyunsoo Yang</contributor>
        <contributor role="ctb">inhyuk lee</contributor>
        <contributor role="ctb">Israel Andrade</contributor>
        <contributor role="ctb">Israel Ruiz</contributor>
        <contributor role="ctb">Jack Weinbender</contributor>
        <contributor role="ctb">JaiHee Kwak</contributor>
        <contributor role="ctb">James Bejon</contributor>
        <contributor role="ctb">James Castell</contributor>
        <contributor role="ctb">James Cuenod</contributor>
        <contributor role="ctb">James Duguid</contributor>
        <contributor role="ctb">Jean veran</contributor>
        <contributor role="ctb">JeanJacques KRIEF</contributor>
        <contributor role="ctb">Jeff Goo</contributor>
        <contributor role="ctb">Jeong Jae Yoo</contributor>
        <contributor role="ctb">Jeremiah Myers</contributor>
        <contributor role="ctb">Jeremy Bullard</contributor>
        <contributor role="ctb">jessica jones</contributor>
        <contributor role="ctb">Jiri Richter</contributor>
        <contributor role="ctb">Joao Luis Fedel Goncalves</contributor>
        <contributor role="ctb">Joel Peeters</contributor>
        <contributor role="ctb">Joel Rubin</contributor>
        <contributor role="ctb">john knightley</contributor>
        <contributor role="ctb">John Mellison</contributor>
        <contributor role="ctb">John Studebaker</contributor>
        <contributor role="ctb">jonatas margiotta</contributor>
        <contributor role="ctb">Jonathan Walsh</contributor>
        <contributor role="ctb">jony clynn</contributor>
        <contributor role="ctb">Jose Martinez</contributor>
        <contributor role="ctb">joseph lee</contributor>
        <contributor role="ctb">Joseph Li</contributor>
        <contributor role="ctb">Joseph MICHEL</contributor>
        <contributor role="ctb">Judy Hendren</contributor>
        <contributor role="ctb">Julia Tang</contributor>
        <contributor role="ctb">Justin So</contributor>
        <contributor role="ctb">Juswaldy Jusman</contributor>
        <contributor role="ctb">Kap Soo LEE</contributor>
        <contributor role="ctb">Kara Bohall</contributor>
        <contributor role="ctb">Karel Jongeling</contributor>
        <contributor role="ctb">Kathy Scott</contributor>
        <contributor role="ctb">Keanan Bovie</contributor>
        <contributor role="ctb">Keith Hanson</contributor>
        <contributor role="ctb">Keith Kresge</contributor>
        <contributor role="ctb">Kevin Andersson</contributor>
        <contributor role="ctb">Kevin Johanson</contributor>
        <contributor role="ctb">Kevin Townsend</contributor>
        <contributor role="ctb">Kiriana Kingston</contributor>
        <contributor role="ctb">Laurentiu Gabriel Ionescu</contributor>
        <contributor role="ctb">LEE Arrington</contributor>
        <contributor role="ctb">Lee Bruckner</contributor>
        <contributor role="ctb">Len Clark</contributor>
        <contributor role="ctb">Leng Xiong</contributor>
        <contributor role="ctb">LENO VICTOR DE SANTANA</contributor>
        <contributor role="ctb">libor neuman</contributor>
        <contributor role="ctb">lisa lisa</contributor>
        <contributor role="ctb">M Cecil Dietz</contributor>
        <contributor role="ctb">Malkalain Greenwell</contributor>
        <contributor role="ctb">Marc Cordova</contributor>
        <contributor role="ctb">Marfeal Santiago</contributor>
        <contributor role="ctb">Marianne Szpilka</contributor>
        <contributor role="ctb">Martin Daly</contributor>
        <contributor role="ctb">Matan Bino</contributor>
        <contributor role="ctb">Matthew Schug</contributor>
        <contributor role="ctb">Max Pilo</contributor>
        <contributor role="ctb">Micahel Leong</contributor>
        <contributor role="ctb">Michael Fenn</contributor>
        <contributor role="ctb">Michael Nicholson</contributor>
        <contributor role="ctb">Miguel SANTOS</contributor>
        <contributor role="ctb">Mike Brown</contributor>
        <contributor role="ctb">mike fenn</contributor>
        <contributor role="ctb">mirlande amazan</contributor>
        <contributor role="ctb">Moongui Ulbrich</contributor>
        <contributor role="ctb">Napoleon Gasilan</contributor>
        <contributor role="ctb">Natashia Roy</contributor>
        <contributor role="ctb">Nathan Bierma</contributor>
        <contributor role="ctb">Nathan Lee</contributor>
        <contributor role="ctb">Nathan Wilson</contributor>
        <contributor role="ctb">Neil Cadman</contributor>
        <contributor role="ctb">Okyob Jeon</contributor>
        <contributor role="ctb">omer omer</contributor>
        <contributor role="ctb">Onur Yos</contributor>
        <contributor role="ctb">Paul Cook</contributor>
        <contributor role="ctb">Pete Myers</contributor>
        <contributor role="ctb">pete Norcross</contributor>
        <contributor role="ctb">Peter Erdodi</contributor>
        <contributor role="ctb">Peter Ho</contributor>
        <contributor role="ctb">peter zimonyi</contributor>
        <contributor role="ctb">Petr Miencil</contributor>
        <contributor role="ctb">Petr Vejmelka</contributor>
        <contributor role="ctb">phyl ma</contributor>
        <contributor role="ctb">ralph zak</contributor>
        <contributor role="ctb">Ramos Simanjuntak</contributor>
        <contributor role="ctb">Rebeca Martinez</contributor>
        <contributor role="ctb">Regina Hong</contributor>
        <contributor role="ctb">Rendhi Vianirio</contributor>
        <contributor role="ctb">Ricardo  Luiz Pinto</contributor>
        <contributor role="ctb">Richard Baker</contributor>
        <contributor role="ctb">Robert Berger</contributor>
        <contributor role="ctb">Robert Holmstedt</contributor>
        <contributor role="ctb">robert saunders</contributor>
        <contributor role="ctb">Roberta Potgieter</contributor>
        <contributor role="ctb">rocket fortyfive</contributor>
        <contributor role="ctb">Rodrigo Castro</contributor>
        <contributor role="ctb">Ross Tenneson</contributor>
        <contributor role="ctb">Ruairidh MacLean</contributor>
        <contributor role="ctb">Ruben Kraiem</contributor>
        <contributor role="ctb">Sebastien GOEURY</contributor>
        <contributor role="ctb">Shane Pimental</contributor>
        <contributor role="ctb">Sharon Hamel</contributor>
        <contributor role="ctb">Shawn Goodwin</contributor>
        <contributor role="ctb">shukai cheung</contributor>
        <contributor role="ctb">Siew GuoFen</contributor>
        <contributor role="ctb">silas army</contributor>
        <contributor role="ctb">Simon Pan</contributor>
        <contributor role="ctb">Sir Robert Burbridge</contributor>
        <contributor role="ctb">Soliman Hanna</contributor>
        <contributor role="ctb">Spyros Karalis</contributor>
        <contributor role="ctb">Stephen Durkee</contributor>
        <contributor role="ctb">Steve Beukema</contributor>
        <contributor role="ctb">SunGyo Kim</contributor>
        <contributor role="ctb">Talia  Smith</contributor>
        <contributor role="ctb">Thien Tran</contributor>
        <contributor role="ctb">Thierry Tchiakpe</contributor>
        <contributor role="ctb">tiago thorlby</contributor>
        <contributor role="ctb">Timothy Keiderling</contributor>
        <contributor role="ctb">timothy yeh</contributor>
        <contributor role="ctb">Todd Patterson</contributor>
        <contributor role="ctb">Toe Set</contributor>
        <contributor role="ctb">Tomas Uher</contributor>
        <contributor role="ctb">Troy Nelson</contributor>
        <contributor role="ctb">uriel arevalo</contributor>
        <contributor role="ctb">Vanda Bayer</contributor>
        <contributor role="ctb">Vladimir Polyanskia</contributor>
        <contributor role="ctb">w s</contributor>
        <contributor role="ctb">Wally Kimball</contributor>
        <contributor role="ctb">walt seevers</contributor>
        <contributor role="ctb">Wattanavadee Jitpakdee</contributor>
        <contributor role="ctb">Wayne Buchanan</contributor>
        <contributor role="ctb">Wellington Machado</contributor>
        <contributor role="ctb">Wendy Kwan</contributor>
        <contributor role="ctb">Wesley Walker</contributor>
        <contributor role="ctb">William Pak</contributor>
        <contributor role="ctb">william stewart</contributor>
        <contributor role="ctb">Xi Li</contributor>
        <contributor role="ctb">yasu shimizu</contributor>
        <contributor role="ctb">Yoo sung  Chang</contributor>
        <contributor role="ctb">zac rigsby</contributor>
        <contributor role="ctb">Zack Vera</contributor>
        <contributor role="ctb">zhishi Lin</contributor>
        <contributor role="ctb">Zsolt Jarai</contributor>
        <creator role="edt">Open Scriptures Hebrew Bible Project</creator>
        <date>2019.1.13</date>
        <identifier type="URL">https://github.com/openscriptures/morphhb</identifier>
        <rights type="x-BY">Creative Commons Attribution 4.0</rights>
        <refSystem>Dict.oshm</refSystem>
      </work>
      <workPrefix path="//w/@lemma" osisWork="Strong"/>
      <workPrefix path="//w/@morph" osisWork="OSHM"/>
    </header>
    <div type="book" osisID="Nah">
      <chapter osisID="Nah.1">
        <verse osisID="Nah.1.1">
          <w lemma="4853 b" n="1.0" morph="HNcmsc" id="34xeN">מַשָּׂ֖א</w>
          <w lemma="5210" n="1" morph="HNp" id="34Nvk">נִֽינְוֵ֑ה</w>
          <w lemma="5612 a" morph="HNcmsc" id="34TyA">סֵ֧פֶר</w>
          <w lemma="2377" n="0.0.0" morph="HNcmsc" id="34vuQ">חֲז֛וֹן</w>
          <w lemma="5151" n="0.0" morph="HNp" id="34TSc">נַח֖וּם</w>
          <w lemma="d/512" n="0" morph="HTd/Ngmsa" id="34k5P">הָ/אֶלְקֹשִֽׁי</w><seg type="x-sof-pasuq">׃</seg>
        </verse>
        <verse osisID="Nah.1.2">
          <w lemma="410" morph="HNcmsa" id="34nPh">אֵ֣ל</w>
          <w lemma="7072" morph="HAamsa" id="34LN3">קַנּ֤וֹא</w>
          <w lemma="c/5358" n="1.1.0" morph="HC/Vqrmsa" id="34Qzf">וְ/נֹקֵם֙</w>
          <w lemma="3068" n="1.1" morph="HNp" id="34aPd">יְהוָ֔ה</w>
          <w lemma="5358" morph="HVqrmsa" id="34eYX">נֹקֵ֥ם</w>
          <w lemma="3068" n="1.0" morph="HNp" id="34C5U">יְהוָ֖ה</w>
          <w lemma="c/1167" morph="HC/Ncmsc" id="34qNN">וּ/בַ֣עַל</w>
          <w lemma="2534" n="1" morph="HNcfsa" id="34EVS">חֵמָ֑ה</w>
          <w lemma="5358" morph="HVqrmsa" id="34PB6">נֹקֵ֤ם</w>
          <w lemma="3068" n="0.1.0" morph="HNp" id="3437c">יְהוָה֙</w>
          <w lemma="l/6862 c" n="0.1" morph="HR/Ncmpc/Sp3ms" id="34x9c">לְ/צָרָ֔י/ו</w>
          <w lemma="c/5201" morph="HC/Vqrmsa" id="34yNB">וְ/נוֹטֵ֥ר</w>
          <w lemma="1931" n="0.0" morph="HPp3ms" id="3429t">ה֖וּא</w>
          <w lemma="l/341" n="0" morph="HR/Vqrmpc/Sp3ms" id="34KZG">לְ/אֹיְבָֽי/ו</w><seg type="x-sof-pasuq">׃</seg>
        </verse>
        <verse osisID="Nah.1.3">
          <w lemma="3068" n="1.1.1" morph="HNp" id="34TZE">יְהֹוָ֗ה</w>
          <w lemma="750" morph="HAamsc" id="34thY">אֶ֤רֶךְ</w>
          <w lemma="639" n="1.1.0" morph="HNcmda" id="34JM7">אַפַּ֨יִם֙</w>
          <w type="x-ketiv" lemma="c/1419 a" morph="HC/Aamsc" id="34fpo">ו/גדול</w><note type="variant"><catchWord>ו/גדול</catchWord><rdg type="x-qere"><w lemma="c/1419 a" morph="HC/Aamsc" id="34W26">וּ/גְדָל</w></rdg></note><seg type="x-maqqef">־</seg><w lemma="3581 b" n="1.1" morph="HNcmsa" id="34yw4">כֹּ֔חַ</w>
          <w lemma="c/5352" n="1.0" morph="HC/Vpa" id="34jbg">וְ/נַקֵּ֖ה</w>
          <w lemma="3808" morph="HTn" id="34USR">לֹ֣א</w>
          <w lemma="5352" n="1" morph="HVpi3ms" id="34v6U">יְנַקֶּ֑ה</w>
          <w lemma="3068" n="0.1.1" morph="HNp" id="345SS">יְהוָ֗ה</w>
          <w lemma="b/5492 a" morph="HR/Ncfsa" id="34GzE">בְּ/סוּפָ֤ה</w>
          <w lemma="c/b/8183" n="0.1.0" morph="HC/R/Ncfsa" id="34qCU">וּ/בִ/שְׂעָרָה֙</w>
          <w lemma="1870" n="0.1" morph="HNcbsc/Sp3ms" id="34g2y">דַּרְכּ֔/וֹ</w>
          <w lemma="c/6051" n="0.0" morph="HC/Ncmsa" id="34jQb">וְ/עָנָ֖ן</w>
          <w lemma="80" morph="HNcmsc" id="34794">אֲבַ֥ק</w>
          <w lemma="7272" n="0" morph="HNcfdc/Sp3ms" id="34CsU">רַגְלָֽי/ו</w><seg type="x-sof-pasuq">׃</seg>
        </verse>
        <verse osisID="Nah.1.4">
          <w lemma="1605" morph="HVqrmsa" id="34XR4">גּוֹעֵ֤ר</w>
          <w lemma="b/3220" n="1.1.0" morph="HRd/Ncmsa" id="34KvS">בַּ/יָּם֙</w>
          <w lemma="c/3001" n="1.1" morph="HC/Vpw3ms/Sp3ms" id="34dBc">וַֽ/יַּבְּשֵׁ֔/הוּ</w>
          <w lemma="c/3605" morph="HC/Ncmsc" id="34nAB">וְ/כָל</w><seg type="x-maqqef">־</seg><w lemma="d/5104" n="1.0" morph="HTd/Ncmpa" id="34kfX">הַ/נְּהָר֖וֹת</w>
          <w lemma="2717 a" n="1" morph="HVhp3ms" id="34Wkf">הֶֽחֱרִ֑יב</w>
          <w lemma="535" morph="HVKp3ms" id="34wrL">אֻמְלַ֤ל</w>
          <w lemma="1316" n="0.1.0" morph="HNp" id="343TL">בָּשָׁן֙</w>
          <w lemma="c/3760" n="0.1" morph="HC/Np" id="34LeN">וְ/כַרְמֶ֔ל</w>
          <w lemma="c/6525" morph="HC/Ncmsc" id="34sMn">וּ/פֶ֥רַח</w>
          <w lemma="3844" n="0.0" morph="HNp" id="34Y3z">לְבָנ֖וֹן</w>
          <w lemma="535" n="0" morph="HVKp3ms" id="34NQN">אֻמְלָֽל</w><seg type="x-sof-pasuq">׃</seg>
        </verse>
        <verse osisID="Nah.1.5">
          <w lemma="2022" n="1.1.0" morph="HNcmpa" id="34uLf">הָרִים֙</w>
          <w lemma="7493" morph="HVqp3cp" id="34kA7">רָעֲשׁ֣וּ</w>
          <w lemma="4480 a" n="1.1" morph="HR/Sp1cp" id="343TS">מִמֶּ֔/נּוּ</w>
          <w lemma="c/d/1389" n="1.0" morph="HC/Td/Ncfpa" id="34NFp">וְ/הַ/גְּבָע֖וֹת</w>
          <w lemma="4127" n="1" morph="HVrp3cp" id="347am">הִתְמֹגָ֑גוּ</w>
          <w lemma="c/5375" morph="HC/Vqw3fs" id="34hh7">וַ/תִּשָּׂ֤א</w>
          <w lemma="d/776" n="0.1.0" morph="HTd/Ncbsa" id="34BsK">הָ/אָ֨רֶץ֙</w>
          <w lemma="m/6440" n="0.1" morph="HR/Ncbpc/Sp3ms" id="34fsu">מִ/פָּנָ֔י/ו</w>
          <w lemma="c/8398" n="0.0" morph="HC/Ncfsa" id="348M6">וְ/תֵבֵ֖ל</w>
          <w lemma="c/3605" morph="HC/Ncmsc" id="34wM5">וְ/כָל</w><seg type="x-maqqef">־</seg><w lemma="3427" morph="HVqrmpc" id="34qty">יֹ֥שְׁבֵי</w>
          <w lemma="b" n="0" morph="HR/Sp3fs" id="345gQ">בָֽ/הּ</w><seg type="x-sof-pasuq">׃</seg>
        </verse>
        <verse osisID="Nah.1.6">
          <w lemma="l/6440" morph="HR/Ncbpc" id="34Xw6">לִ/פְנֵ֤י</w>
          <w lemma="2195" n="1.1.0" morph="HNcmsc/Sp3ms" id="34eHJ">זַעְמ/וֹ֙</w>
          <w lemma="4310" morph="HTi" id="34H6L">מִ֣י</w>
          <w lemma="5975" n="1.1" morph="HVqi3ms" id="34bmv">יַֽעֲמ֔וֹד</w>
          <w lemma="c/4310" morph="HC/Ti" id="34FV9">וּ/מִ֥י</w>
          <w lemma="6965 b" n="1.0" morph="HVqi3ms" id="34Xm1">יָק֖וּם</w>
          <w lemma="b/2740" morph="HR/Ncmsc" id="34UE6">בַּ/חֲר֣וֹן</w>
          <w lemma="639" n="1" morph="HNcmsc/Sp3ms" id="34goK">אַפּ֑/וֹ</w>
          <w lemma="2534" n="0.1.0" morph="HNcfsc/Sp3ms" id="34CyH">חֲמָת/וֹ֙</w>
          <w lemma="5413" morph="HVNp3fs" id="34A4a">נִתְּכָ֣ה</w>
          <w lemma="k/784" n="0.1" morph="HRd/Ncbsa" id="345Pr">כָ/אֵ֔שׁ</w>
          <w lemma="c/d/6697" n="0.0" morph="HC/Td/Ncmpa" id="34L4k">וְ/הַ/צֻּרִ֖ים</w>
          <w lemma="5422" morph="HVNp3cp" id="34Mnv">נִתְּצ֥וּ</w>
          <w lemma="4480 a" n="0" morph="HR/Sp3ms" id="34mwU">מִמֶּֽ/נּוּ</w><seg type="x-sof-pasuq">׃</seg>
        </verse>
        <verse osisID="Nah.1.7">
          <w lemma="2896 a" morph="HAamsa" id="34tKT">ט֣וֹב</w>
          <w lemma="3068" n="1.1" morph="HNp" id="34NRT">יְהוָ֔ה</w>
          <w lemma="l/4581" n="1.0" morph="HR/Ncmsa" id="34sRU">לְ/מָע֖וֹז</w>
          <w lemma="b/3117" morph="HR/Ncmsc" id="34Wxq">בְּ/י֣וֹם</w>
          <w lemma="6869 b" n="1" morph="HNcfsa" id="349qY">צָרָ֑ה</w>
          <w lemma="c/3045" n="0.0" morph="HC/Vqrmsa" id="34n5f">וְ/יֹדֵ֖עַ</w>
          <w lemma="2620" morph="HVqrmpc" id="34YUq">חֹ֥סֵי</w>
          <w lemma="b" n="0" morph="HR/Sp3ms" id="34fQr">בֽ/וֹ</w><seg type="x-sof-pasuq">׃</seg>
        </verse>
        <verse osisID="Nah.1.8">
          <w lemma="c/b/7858" morph="HC/R/Ncmsa" id="34L7t">וּ/בְ/שֶׁ֣טֶף</w>
          <w lemma="5674 a" n="1.1" morph="HVqrmsa" id="34A74">עֹבֵ֔ר</w>
          <w lemma="3617" n="1.0" morph="HNcfsa" id="34dNE">כָּלָ֖ה</w>
          <w lemma="6213 a" morph="HVqi3ms" id="34xdF">יַעֲשֶׂ֣ה</w>
          <w lemma="4725" n="1" morph="HNcmsc/Sp3fs" id="34AYg">מְקוֹמָ֑/הּ</w>
          <w lemma="c/341" n="0.0" morph="HC/Vqrmpc/Sp3ms" id="34Ls9">וְ/אֹיְבָ֖י/ו</w>
          <w lemma="7291" morph="HVpi3ms" id="34Snp">יְרַדֶּף</w><seg type="x-maqqef">־</seg><w lemma="2822" n="0" morph="HNcmsa" id="3487B">חֹֽשֶׁךְ</w><seg type="x-sof-pasuq">׃</seg>
        </verse>
        <verse osisID="Nah.1.9">
          <w lemma="4100" morph="HTi" id="34nLp">מַה</w><seg type="x-maqqef">־</seg><w lemma="2803" n="1.1.0" morph="HVpi2mp/Sn" id="34PzC">תְּחַשְּׁבוּ/ן֙</w>
          <w lemma="413" morph="HR" id="34NPq">אֶל</w><seg type="x-maqqef">־</seg><w lemma="3068" n="1.1" morph="HNp" id="34d5m">יְהוָ֔ה</w>
          <w lemma="3617" n="1.0" morph="HNcfsa" id="34BYa">כָּלָ֖ה</w>
          <w lemma="1931" morph="HPp3ms" id="34LJh">ה֣וּא</w>
          <w lemma="6213 a" n="1" morph="HVqrmsa" id="34tRR">עֹשֶׂ֑ה</w>
          <w lemma="3808" morph="HTn" id="34Q7E">לֹֽא</w><seg type="x-maqqef">־</seg><w lemma="6965 b" morph="HVqi3fs" id="34dv1">תָק֥וּם</w>
          <w lemma="6471" n="0.0" morph="HNcfda" id="34QwM">פַּעֲמַ֖יִם</w>
          <w lemma="6869 b" n="0" morph="HNcfsa" id="34a62">צָרָֽה</w><seg type="x-sof-pasuq">׃</seg>
        </verse>
        <verse osisID="Nah.1.10">
          <w lemma="3588 a" n="1.1.0" morph="HC" id="34KvD">כִּ֚י</w>
          <w lemma="5704" morph="HR" id="34GLz">עַד</w><seg type="x-maqqef">־</seg><w lemma="5518 b" morph="HNcfpa" id="34BU7">סִירִ֣ים</w>
          <w lemma="5440" n="1.1" morph="HVqsmpa" id="34iy2">סְבֻכִ֔ים</w>
          <w lemma="c/k/5435" n="1.0" morph="HC/R/Ncmsc/Sp3mp" id="34zQ2">וּ/כְ/סָבְאָ֖/ם</w>
          <w lemma="5433 a" n="1" morph="HVqsmpa" id="34Wxx">סְבוּאִ֑ים</w>
          <w lemma="398" n="0.1" morph="HVQp3cp" id="34jQ8">אֻ֨כְּל֔וּ</w>
          <w lemma="k/7179" morph="HR/Ncmsa" id="34Haa">כְּ/קַ֥שׁ</w>
          <w lemma="3002" n="0.0" morph="HAamsa" id="34fJN">יָבֵ֖שׁ</w>
          <w lemma="4392" n="0" morph="HAamsa" id="349KV">מָלֵֽא</w><seg type="x-sof-pasuq">׃</seg>
        </verse>
        <verse osisID="Nah.1.11">
          <w lemma="4480 a" morph="HR/Sp2fs" id="34F1s">מִמֵּ֣/ךְ</w>
          <w lemma="3318" n="1.1" morph="HVqp3ms" id="34dns">יָצָ֔א</w>
          <w lemma="2803" morph="HVqrmsa" id="34GK3">חֹשֵׁ֥ב</w>
          <w lemma="5921 a" morph="HR" id="34nRZ">עַל</w><seg type="x-maqqef">־</seg><w lemma="3068" n="1.0" morph="HNp" id="34cpb">יְהוָ֖ה</w>
          <w lemma="7451 c" n="1" morph="HNcfsa" id="34zio">רָעָ֑ה</w>
          <w lemma="3289" n="0.0" morph="HVqrmsc" id="34Qsh">יֹעֵ֖ץ</w>
          <w lemma="1100" n="0" morph="HNcmsa" id="34zTj">בְּלִיָּֽעַל</w><seg type="x-sof-pasuq">׃</seg>
          <seg type="x-samekh">ס</seg>
        </verse>
        <verse osisID="Nah.1.12">
          <w lemma="3541" n="1.1.1.0" morph="HD" id="34fPi">כֹּ֣ה</w>
          <seg type="x-paseq">׀</seg>
          <w lemma="559" morph="HVqp3ms" id="34GYe">אָמַ֣ר</w>
          <w lemma="3068" n="1.1.1" morph="HNp" id="34Bbz">יְהוָ֗ה</w>
          <w lemma="518 a" morph="HC" id="34VA9">אִם</w><seg type="x-maqqef">־</seg><w lemma="8003" n="1.1.0" morph="HAampa" id="34fV3">שְׁלֵמִים֙</w>
          <w lemma="c/3651 c" morph="HC/Tm" id="34Sov">וְ/כֵ֣ן</w>
          <w lemma="7227 a" n="1.1" morph="HAampa" id="34V27">רַבִּ֔ים</w>
          <w lemma="c/3651 c" morph="HC/Tm" id="34ifp">וְ/כֵ֥ן</w>
          <w lemma="1494" n="1.0" morph="HVNp3cp" id="347ZG">נָגֹ֖זּוּ</w>
          <w lemma="c/5674 a" n="1" morph="HC/Vqp3ms" id="34B2d">וְ/עָבָ֑ר</w>
          <w lemma="c/6031 b" n="0.1" morph="HC/Vpp1cs/Sp2fs" id="34ewe">וְ/עִ֨נִּתִ֔/ךְ</w>
          <w lemma="3808" morph="HTn" id="34SV6">לֹ֥א</w>
          <w lemma="6031 b" n="0.0" morph="HVpi1cs/Sp2fs" id="34G83">אֲעַנֵּ֖/ךְ</w>
          <w lemma="5750" n="0" morph="HD" id="34vzS">עֽוֹד</w><seg type="x-sof-pasuq">׃</seg>
        </verse>
        <verse osisID="Nah.1.13">
          <w lemma="c/6258" n="1.1" morph="HC/D" id="34Gq9">וְ/עַתָּ֕ה</w>
          <w lemma="7665" morph="HVqi1cs" id="343y8">אֶשְׁבֹּ֥ר</w>
          <w lemma="4132" n="1.0" morph="HNcmsc/Sp3ms" id="34TXw">מֹטֵ֖/הוּ</w>
          <w lemma="m/5921 a" n="1" morph="HR/R/Sp2fs" id="34Y4K">מֵֽ/עָלָ֑יִ/ךְ</w>
          <w lemma="c/4147" n="0.0" morph="HC/Ncbpc/Sp2fs" id="34C32">וּ/מוֹסְרֹתַ֖יִ/ךְ</w>
          <w lemma="5423" n="0" morph="HVpi1cs" id="34aMT">אֲנַתֵּֽק</w><seg type="x-sof-pasuq">׃</seg>
        </verse>
        <verse osisID="Nah.1.14">
          <w lemma="c/6680" morph="HC/Vpp3ms" id="34Cof">וְ/צִוָּ֤ה</w>
          <w lemma="5921 a" n="1.1.0" morph="HR/Sp2ms" id="34YWU">עָלֶ֨י/ךָ֙</w>
          <w lemma="3068" n="1.1" morph="HNp" id="34rAQ">יְהוָ֔ה</w>
          <w lemma="3808" morph="HTn" id="34fLi">לֹֽא</w><seg type="x-maqqef">־</seg><w lemma="2232" morph="HVNi3ms" id="34Ptj">יִזָּרַ֥ע</w>
          <w lemma="m/8034" n="1.0" morph="HR/Ncmsc/Sp2ms" id="34AJj">מִ/שִּׁמְ/ךָ֖</w>
          <w lemma="5750" n="1" morph="HD" id="349Hv">ע֑וֹד</w>
          <w lemma="m/1004 b" morph="HR/Ncmsc" id="34j1i">מִ/בֵּ֨ית</w>
          <w lemma="430" n="0.0.0.0" morph="HNcmpc/Sp2ms" id="34J9J">אֱלֹהֶ֜י/ךָ</w>
          <w lemma="3772" morph="HVhi1cs" id="34U4n">אַכְרִ֨ית</w>
          <w lemma="6459" morph="HNcmsa" id="342Kt">פֶּ֧סֶל</w>
          <w lemma="c/4541 a" n="0.0.0" morph="HC/Ncfsa" id="34RmH">וּ/מַסֵּכָ֛ה</w>
          <w lemma="7760 a" morph="HVqi1cs" id="34SWL">אָשִׂ֥ים</w>
          <w lemma="6913" n="0.0" morph="HNcmsc/Sp2ms" id="3475P">קִבְרֶ֖/ךָ</w>
          <w lemma="3588 a" morph="HC" id="343Lj">כִּ֥י</w>
          <w lemma="7043" n="0" morph="HVqp2ms" id="34Qa3">קַלּֽוֹתָ</w><seg type="x-sof-pasuq">׃</seg>
          <seg type="x-pe">פ</seg>
        </verse>
      </chapter>
      <chapter osisID="Nah.2">
        <verse osisID="Nah.2.1">
          <note>KJV:Nah.1.15</note>
          <w lemma="2009" morph="HTm" id="34WTe">הִנֵּ֨ה</w>
          <w lemma="5921 a" morph="HR" id="346VM">עַל</w><seg type="x-maqqef">־</seg><w lemma="d/2022" n="1.1.0.0" morph="HTd/Ncmpa" id="34sKn">הֶ/הָרִ֜ים</w>
          <w lemma="7272" morph="HNcfdc" id="34oAj">רַגְלֵ֤י</w>
          <w lemma="1319" n="1.1.0" morph="HVprmsa" id="34AxB">מְבַשֵּׂר֙</w>
          <w lemma="8085" morph="HVhrmsa" id="34Ap3">מַשְׁמִ֣יעַ</w>
          <w lemma="7965" n="1.1" morph="HNcmsa" id="34CEu">שָׁל֔וֹם</w>
          <w lemma="2287" morph="HVqv2fs" id="34zpy">חָגִּ֧י</w>
          <w lemma="3063" n="1.0.0" morph="HNp" id="34FiN">יְהוּדָ֛ה</w>
          <w lemma="2282" n="1.0" morph="HNcmpc/Sp2fs" id="34cLk">חַגַּ֖יִ/ךְ</w>
          <w lemma="7999 a" morph="HVpv2fs" id="3492v">שַׁלְּמִ֣י</w>
          <w lemma="5088" n="1" morph="HNcmpc/Sp2fs" id="34j63">נְדָרָ֑יִ/ךְ</w>
          <w lemma="3588 a" morph="HC" id="34LFW">כִּי֩</w>
          <w lemma="3808" morph="HTn" id="34FbT">לֹ֨א</w>
          <w lemma="3254" morph="HVhi3ms" id="34Bx7">יוֹסִ֥יף</w>
          <w lemma="5750" n="0.0.0" morph="HD" id="34btu">ע֛וֹד</w>
          <w type="x-ketiv" lemma="l/5674 a" morph="HR/Vqc" id="34rTK">ל/עבור</w><note type="variant"><catchWord>ל/עבור</catchWord><rdg type="x-qere"><w lemma="l/5674 a" morph="HR/Vqc" id="34SHw">לַֽ/עֲבָר</w></rdg></note><seg type="x-maqqef">־</seg><w lemma="b" morph="HR/Sp2fs" id="34VuH">בָּ֥/ךְ</w>
          <w lemma="1100" n="0.0" morph="HNcmsa" id="34Axb">בְּלִיַּ֖עַל</w>
          <w lemma="3605" morph="HNcmsc/Sp3ms" id="34xva">כֻּלֹּ֥/ה</w>
          <w lemma="3772" n="0" morph="HVNp3ms" id="34NrT">נִכְרָֽת</w><seg type="x-sof-pasuq">׃</seg>
        </verse>
        <verse osisID="Nah.2.2">
          <note>KJV:Nah.2.1</note>
          <w lemma="5927" morph="HVqp3ms" id="34iAD">עָלָ֥ה</w>
          <w lemma="6327 b" n="1.0.0" morph="HVhrmsa" id="34372">מֵפִ֛יץ</w>
          <w lemma="5921 a" morph="HR" id="34FMU">עַל</w><seg type="x-maqqef">־</seg><w lemma="6440" n="1.0" morph="HNcbpc/Sp2fs" id="34SaV">פָּנַ֖יִ/ךְ</w>
          <w lemma="5341" morph="HVqa" id="344W9">נָצ֣וֹר</w>
          <w lemma="4694" n="1" morph="HNcfsa" id="34MmM">מְצֻרָ֑ה</w>
          <w lemma="6822" morph="HVpv2ms" id="34wJn">צַפֵּה</w><seg type="x-maqqef">־</seg><w lemma="1870" n="0.1.0" morph="HNcbsa" id="34CQo">דֶ֨רֶךְ֙</w>
          <w lemma="2388" morph="HVpv2ms" id="34XyU">חַזֵּ֣ק</w>
          <w lemma="4975" n="0.1" morph="HNcmda" id="34BG4">מָתְנַ֔יִם</w>
          <w lemma="553" morph="HVpv2ms" id="34YHH">אַמֵּ֥ץ</w>
          <w lemma="3581 b" n="0.0" morph="HNcmsa" id="34sHf">כֹּ֖חַ</w>
          <w lemma="3966" n="0" morph="HD" id="34iee">מְאֹֽד</w><seg type="x-sof-pasuq">׃</seg>
        </verse>
        <verse osisID="Nah.2.3">
          <note>KJV:Nah.2.2</note>
          <w lemma="3588 a" morph="HC" id="343eS">כִּ֣י</w>
          <w lemma="7725" morph="HVqp3ms" id="34ddd">שָׁ֤ב</w>
          <w lemma="3068" n="1.1.0" morph="HNp" id="34hxo">יְהוָה֙</w>
          <w lemma="853" morph="HTo" id="34TW6">אֶת</w><seg type="x-maqqef">־</seg><w lemma="1347" morph="HNcmsc" id="34PVx">גְּא֣וֹן</w>
          <w lemma="3290" n="1.1" morph="HNp" id="34PGK">יַעֲקֹ֔ב</w>
          <w lemma="k/1347" n="1.0" morph="HR/Ncmsc" id="34U4a">כִּ/גְא֖וֹן</w>
          <w lemma="3478" n="1" morph="HNp" id="34dSQ">יִשְׂרָאֵ֑ל</w>
          <w lemma="3588 a" morph="HC" id="34Qbs">כִּ֤י</w>
          <w lemma="1238 b" n="0.1.0" morph="HVqp3cp/Sp3mp" id="34ndZ">בְקָקוּ/ם֙</w>
          <w lemma="1238 b" n="0.1" morph="HVqrmpa" id="34Xa1">בֹּֽקְקִ֔ים</w>
          <w lemma="c/2156" n="0.0" morph="HC/Ncfpc/Sp3mp" id="343yJ">וּ/זְמֹרֵי/הֶ֖ם</w>
          <w lemma="7843" n="0" morph="HVpp3cp" id="34B6c">שִׁחֵֽתוּ</w><seg type="x-sof-pasuq">׃</seg>
        </verse>
        <verse osisID="Nah.2.4">
          <note>KJV:Nah.2.3</note>
          <w lemma="4043" morph="HNcbsc" id="34bju">מָגֵ֨ן</w>
          <w lemma="1368" n="1.1.1.0" morph="HAampc/Sp3ms" id="34cn3">גִּבֹּרֵ֜י/הוּ</w>
          <w lemma="119" n="1.1.1" morph="HVPsmsa" id="347mS">מְאָדָּ֗ם</w>
          <w lemma="376" morph="HNcmpc" id="34dJe">אַנְשֵׁי</w><seg type="x-maqqef">־</seg><w lemma="2428" n="1.1.0" morph="HNcmsa" id="34WvG">חַ֨יִל֙</w>
          <w lemma="8529" n="1.1" morph="HVPsmpa" id="34RXg">מְתֻלָּעִ֔ים</w>
          <w lemma="b/784" morph="HR/Ncbsc" id="34pqY">בְּ/אֵשׁ</w><seg type="x-maqqef">־</seg><w lemma="6393" morph="HNcfpa" id="34n9v">פְּלָד֥וֹת</w>
          <w lemma="d/7393" n="1.0" morph="HTd/Ncmsa" id="34gYe">הָ/רֶ֖כֶב</w>
          <w lemma="b/3117" morph="HR/Ncmsc" id="34eXj">בְּ/י֣וֹם</w>
          <w lemma="3559 a" n="1" morph="HVhc/Sp3ms" id="348ro">הֲכִינ֑/וֹ</w>
          <w lemma="c/d/1265" n="0.0" morph="HC/Td/Ncmpa" id="34v5z">וְ/הַ/בְּרֹשִׁ֖ים</w>
          <w lemma="7477" n="0" morph="HVHp3cp" id="34bCC">הָרְעָֽלוּ</w><seg type="x-sof-pasuq">׃</seg>
        </verse>
        <verse osisID="Nah.2.5">
          <note>KJV:Nah.2.4</note>
          <w lemma="b/2351" n="1.1.0" morph="HRd/Ncmpa" id="346By">בַּֽ/חוּצוֹת֙</w>
          <w lemma="1984 b" morph="HVri3mp" id="34CZB">יִתְהוֹלְל֣וּ</w>
          <w lemma="d/7393" n="1.1" morph="HTd/Ncmsa" id="34VTb">הָ/רֶ֔כֶב</w>
          <w lemma="8264" n="1.0" morph="HVfi3mp/Sn" id="346qf">יִֽשְׁתַּקְשְׁק֖וּ/ן</w>
          <w lemma="b/7339" n="1" morph="HRd/Ncfpa" id="34efz">בָּ/רְחֹב֑וֹת</w>
          <w lemma="4758" n="0.1.0" morph="HNcmsc/Sp3fp" id="34QG5">מַרְאֵי/הֶן֙</w>
          <w lemma="k/3940" n="0.1" morph="HRd/Ncmpa" id="343k3">כַּ/לַּפִּידִ֔ם</w>
          <w lemma="k/1300 b" n="0.0" morph="HRd/Ncmpa" id="341rL">כַּ/בְּרָקִ֖ים</w>
          <w lemma="7323" n="0" morph="HVoi3mp" id="34W2c">יְרוֹצֵֽצוּ</w><seg type="x-sof-pasuq">׃</seg>
        </verse>
        <verse osisID="Nah.2.6">
          <note>KJV:Nah.2.5</note>
          <w lemma="2142" n="1.1.0" morph="HVqi3ms" id="34mL3">יִזְכֹּר֙</w>
          <w lemma="117" n="1.1" morph="HAampc/Sp3ms" id="34zfc">אַדִּירָ֔י/ו</w>
          <w lemma="3782" n="1.0" morph="HVNi3mp" id="34sYp">יִכָּשְׁל֖וּ</w>
          <w type="x-ketiv" lemma="b/1979" morph="HR/Ncfpc/Sp3mp" id="34GvF">ב/הלכות/ם</w><note type="variant"><catchWord>ב/הלכות/ם</catchWord><rdg type="x-qere"><w lemma="b/1979" n="1" morph="HR/Ncfsc/Sp3mp" id="34dAC">בַּ/הֲלִֽיכָתָ֑/ם</w></rdg></note>
          <w lemma="4116 a" n="0.1.0" morph="HVpi3mp" id="34i4W">יְמַֽהֲרוּ֙</w>
          <w lemma="2346" n="0.1" morph="HNcfsc/Sp3fs" id="34chR">חֽוֹמָתָ֔/הּ</w>
          <w lemma="c/3559 a" n="0.0" morph="HC/VHp3ms" id="34Ddq">וְ/הֻכַ֖ן</w>
          <w lemma="d/5526 d" n="0" morph="HTd/Ncmsa" id="34dSp">הַ/סֹּכֵֽךְ</w><seg type="x-sof-pasuq">׃</seg>
        </verse>
        <verse osisID="Nah.2.7">
          <note>KJV:Nah.2.6</note>
          <w lemma="8179" morph="HNcmpc" id="34ecS">שַׁעֲרֵ֥י</w>
          <w lemma="d/5104" n="1.0" morph="HTd/Ncmpa" id="342tG">הַ/נְּהָר֖וֹת</w>
          <w lemma="6605 a" n="1" morph="HVNp3cp" id="34Xzm">נִפְתָּ֑חוּ</w>
          <w lemma="c/d/1964" n="0.0" morph="HC/Td/Ncmsa" id="34CCj">וְ/הַֽ/הֵיכָ֖ל</w>
          <w lemma="4127" n="0" morph="HVNp3ms" id="34gV8">נָמֽוֹג</w><seg type="x-sof-pasuq">׃</seg>
        </verse>
        <verse osisID="Nah.2.8">
          <note>KJV:Nah.2.7</note>
          <w lemma="c/5324" n="1.0" morph="HC/VHp3ms" id="34Czz">וְ/הֻצַּ֖ב</w>
          <w lemma="1540" morph="HVPp3fs" id="34uXX">גֻּלְּתָ֣ה</w>
          <w lemma="5927" n="1" morph="HVHp3fs" id="34xCL">הֹֽעֲלָ֑תָה</w>
          <w lemma="c/519" n="0.1.1" morph="HC/Ncfpc/Sp3fs" id="34Qnr">וְ/אַמְהֹתֶ֗י/הָ</w>
          <w lemma="5090 b" n="0.1.0" morph="HVprfpa" id="346kU">מְנַֽהֲגוֹת֙</w>
          <w lemma="k/6963 a" morph="HR/Ncmsc" id="34qry">כְּ/ק֣וֹל</w>
          <w lemma="3123" n="0.1" morph="HNcfpa" id="34bvP">יוֹנִ֔ים</w>
          <w lemma="8608" n="0.0" morph="HVmrfpa" id="34wjj">מְתֹפְפֹ֖ת</w>
          <w lemma="5921 a" morph="HR" id="34Tn7">עַל</w><seg type="x-maqqef">־</seg><w lemma="3824" n="0" morph="HNcmpc/Sp3fp" id="34hEs">לִבְבֵ/הֶֽן</w><seg type="x-sof-pasuq">׃</seg>
        </verse>
        <verse osisID="Nah.2.9">
          <note>KJV:Nah.2.8</note>
          <w lemma="c/5210" morph="HC/Np" id="34xAF">וְ/נִינְוֵ֥ה</w>
          <w lemma="k/1295" morph="HR/Ncfsc" id="34qg1">כִ/בְרֵֽכַת</w><seg type="x-maqqef">־</seg><w lemma="4325" n="1.0" morph="HNcmpa" id="346w9">מַ֖יִם</w>
          <w lemma="m/3117" morph="HR/Ncmpc" id="34wA4">מִ֣/ימֵי</w>
          <w lemma="1931" n="1" morph="HPp3fs" id="34ibe">הִ֑יא</w>
          <w lemma="c/1992" morph="HC/Pp3mp" id="34v8V">וְ/הֵ֣מָּה</w>
          <w lemma="5127" n="0.1" morph="HVqrmpa" id="34T2S">נָסִ֔ים</w>
          <w lemma="5975" morph="HVqv2mp" id="34tkJ">עִמְד֥וּ</w>
          <w lemma="5975" n="0.0" morph="HVqv2mp" id="34EXL">עֲמֹ֖דוּ</w>
          <w lemma="c/369" morph="HC/Tn" id="34ZPN">וְ/אֵ֥ין</w>
          <w lemma="6437" n="0" morph="HVhrmsa" id="34q1G">מַפְנֶֽה</w><seg type="x-sof-pasuq">׃</seg>
        </verse>
        <verse osisID="Nah.2.10">
          <note>KJV:Nah.2.9</note>
          <w lemma="962" morph="HVqv2mp" id="34bYD">בֹּ֥זּוּ</w>
          <w lemma="3701" n="1.0" morph="HNcmsa" id="34v2F">כֶ֖סֶף</w>
          <w lemma="962" morph="HVqv2mp" id="347vt">בֹּ֣זּוּ</w>
          <w lemma="2091" n="1" morph="HNcmsa" id="34kDm">זָהָ֑ב</w>
          <w lemma="c/369" morph="HC/Tn" id="34doW">וְ/אֵ֥ין</w>
          <w lemma="7097 b" n="0.2.0" morph="HNcbsa" id="34eRa">קֵ֨צֶה֙</w>
          <w lemma="l/8498" n="0.2" morph="HRd/Ncfsa" id="34kDf">לַ/תְּכוּנָ֔ה</w>
          <w lemma="3519" n="0.1" morph="HNcbsa" id="3463G">כָּבֹ֕ד</w>
          <w lemma="m/3605" n="0.0" morph="HR/Ncmsc" id="34WPn">מִ/כֹּ֖ל</w>
          <w lemma="3627" morph="HNcmsc" id="341jv">כְּלִ֥י</w>
          <w lemma="2532 a" n="0" morph="HNcfsa" id="34cK8">חֶמְדָּֽה</w><seg type="x-sof-pasuq">׃</seg>
        </verse>
        <verse osisID="Nah.2.11">
          <note>KJV:Nah.2.10</note>
          <w lemma="950" morph="HNcfsa" id="34DDb">בּוּקָ֥ה</w>
          <w lemma="c/4003" n="1.0" morph="HC/Ncfsa" id="34RCg">וּ/מְבוּקָ֖ה</w>
          <w lemma="c/1110" n="1" morph="HC/VPsfsa" id="345KE">וּ/מְבֻלָּקָ֑ה</w>
          <w lemma="c/3820 a" morph="HC/Ncmsa" id="34qVd">וְ/לֵ֨ב</w>
          <w lemma="4549" n="0.1.1.0" morph="HVNp3ms" id="34koG">נָמֵ֜ס</w>
          <w lemma="c/6375" morph="HC/Ncmsc" id="34e6B">וּ/פִ֣ק</w>
          <w lemma="1290" n="0.1.1" morph="HNcfda" id="348GY">בִּרְכַּ֗יִם</w>
          <w lemma="c/2479" n="0.1.0" morph="HC/Ncfsa" id="34GpK">וְ/חַלְחָלָה֙</w>
          <w lemma="b/3605" morph="HR/Ncmsc" id="3468C">בְּ/כָל</w><seg type="x-maqqef">־</seg><w lemma="4975" n="0.1" morph="HNcmda" id="34CMz">מָתְנַ֔יִם</w>
          <w lemma="c/6440" morph="HC/Ncbpc" id="34D4c">וּ/פְנֵ֥י</w>
          <w lemma="3605" n="0.0" morph="HNcmsc/Sp3mp" id="34ta1">כֻלָּ֖/ם</w>
          <w lemma="6908" morph="HVpp3cp" id="34JnD">קִבְּצ֥וּ</w>
          <w lemma="6289" n="0" morph="HNcmsa" id="34jfz">פָארֽוּר</w><seg type="x-sof-pasuq">׃</seg>
        </verse>
        <verse osisID="Nah.2.12">
          <note>KJV:Nah.2.11</note>
          <w lemma="346" n="1.1.0" morph="HTi" id="34ErQ">אַיֵּה֙</w>
          <w lemma="4583" morph="HNcbsc" id="344fv">מְע֣וֹן</w>
          <w lemma="738 a" n="1.1" morph="HNcmpa" id="34yDv">אֲרָי֔וֹת</w>
          <w lemma="c/4829" morph="HC/Ncmsa" id="34jyT">וּ/מִרְעֶ֥ה</w>
          <w lemma="1931" n="1.0" morph="HPp3ms" id="34Unh">ה֖וּא</w>
          <w lemma="l/3715 a" n="1" morph="HRd/Ncmpa" id="34QH2">לַ/כְּפִרִ֑ים</w>
          <w lemma="834 a" morph="HTr" id="34xxn">אֲשֶׁ֣ר</w>
          <w lemma="1980" morph="HVqp3ms" id="34ou4">הָלַךְ֩</w>
          <w lemma="738 b" morph="HNcmsa" id="343KZ">אַרְיֵ֨ה</w>
          <w lemma="3833 c" morph="HNcbsa" id="34jNE">לָבִ֥יא</w>
          <w lemma="8033" n="0.0.0" morph="HD" id="34hj3">שָׁ֛ם</w>
          <w lemma="1482" morph="HNcmsc" id="34iDs">גּ֥וּר</w>
          <w lemma="738 b" n="0.0" morph="HNcmsa" id="346Lo">אַרְיֵ֖ה</w>
          <w lemma="c/369" morph="HC/Tn" id="34JZq">וְ/אֵ֥ין</w>
          <w lemma="2729" n="0" morph="HVhrmsa" id="34ZpQ">מַחֲרִֽיד</w><seg type="x-sof-pasuq">׃</seg>
        </verse>
        <verse osisID="Nah.2.13">
          <note>KJV:Nah.2.12</note>
          <w lemma="738 b" morph="HNcmsa" id="349gS">אַרְיֵ֤ה</w>
          <w lemma="2963" n="1.1.0" morph="HVqrmsa" id="34LAe">טֹרֵף֙</w>
          <w lemma="b/1767" morph="HR/Ncmsc" id="34qK3">בְּ/דֵ֣י</w>
          <w lemma="1484" n="1.1" morph="HNcmpc/Sp3ms" id="341Cv">גֹֽרוֹתָ֔י/ו</w>
          <w lemma="c/2614" n="1.0" morph="HC/Vprmsa" id="34PBQ">וּ/מְחַנֵּ֖ק</w>
          <w lemma="l/3833 a" n="1" morph="HR/Ncbpc/Sp3ms" id="34mr5">לְ/לִבְאֹתָ֑י/ו</w>
          <w lemma="c/4390" morph="HC/Vpw3ms" id="34QDu">וַ/יְמַלֵּא</w><seg type="x-maqqef">־</seg><w lemma="2964" morph="HNcmsa" id="34PbY">טֶ֣רֶף</w>
          <w lemma="2356" n="0.1" morph="HNcmpc/Sp3ms" id="34Ew6">חֹרָ֔י/ו</w>
          <w lemma="c/4585" n="0.0" morph="HC/Ncbpc/Sp3ms" id="3474R">וּ/מְעֹֽנֹתָ֖י/ו</w>
          <w lemma="2966" n="0" morph="HNcfsa" id="346zt">טְרֵפָֽה</w><seg type="x-sof-pasuq">׃</seg>
        </verse>
        <verse osisID="Nah.2.14">
          <note>KJV:Nah.2.13</note>
          <w lemma="2005" morph="HTm/Sp1cs" id="34zEm">הִנְ/נִ֣י</w>
          <w lemma="413" n="1.2.1" morph="HR/Sp2fs" id="342dm">אֵלַ֗יִ/ךְ</w>
          <w lemma="5002" n="1.2.0" morph="HNcmsc" id="34uYh">נְאֻם֙</w>
          <w lemma="3068" morph="HNp" id="34YxK">יְהוָ֣ה</w>
          <w lemma="6635 b" n="1.2" morph="HNcbpa" id="34aSJ">צְבָא֔וֹת</w>
          <w lemma="c/1197 a" morph="HC/Vhp1cs" id="34Kz2">וְ/הִבְעַרְתִּ֤י</w>
          <w lemma="b/6227" n="1.1.0" morph="HRd/Ncmsa" id="34YhQ">בֶֽ/עָשָׁן֙</w>
          <w lemma="7393" n="1.1" morph="HNcmsc/Sp3fs" id="34azZ">רִכְבָּ֔/הּ</w>
          <w lemma="c/3715 a" n="1.0" morph="HC/Ncmpc/Sp2fs" id="34oiy">וּ/כְפִירַ֖יִ/ךְ</w>
          <w lemma="398" morph="HVqi3fs" id="34gPX">תֹּ֣אכַל</w>
          <w lemma="2719" n="1" morph="HNcfsa" id="34gtq">חָ֑רֶב</w>
          <w lemma="c/3772" morph="HC/Vhq1cs" id="34HSQ">וְ/הִכְרַתִּ֤י</w>
          <w lemma="m/776" n="0.1.0" morph="HR/Ncbsa" id="34fbB">מֵ/אֶ֨רֶץ֙</w>
          <w lemma="2964" n="0.1" morph="HNcmsc/Sp2fs" id="34k1L">טַרְפֵּ֔/ךְ</w>
          <w lemma="c/3808" morph="HC/Tn" id="342tS">וְ/לֹֽא</w><seg type="x-maqqef">־</seg><w lemma="8085" morph="HVNi3ms" id="34EVu">יִשָּׁמַ֥ע</w>
          <w lemma="5750" n="0.0" morph="HD" id="34ygU">ע֖וֹד</w>
          <w lemma="6963 a" morph="HNcmsc" id="34swV">ק֥וֹל</w>
          <w lemma="4397" n="0" morph="HNcmpc/Sp2fs" id="34HjU">מַלְאָכֵֽ/כֵה</w><seg type="x-sof-pasuq">׃</seg>
          <seg type="x-samekh">ס</seg>
        </verse>
      </chapter>
      <chapter osisID="Nah.3">
        <verse osisID="Nah.3.1">
          <w lemma="1945" n="1.0" morph="HTj" id="34d3U">ה֖וֹי</w>
          <w lemma="5892 b" morph="HNcfsc" id="34NtK">עִ֣יר</w>
          <w lemma="1818" n="1" morph="HNcmpa" id="34U94">דָּמִ֑ים</w>
          <w lemma="3605" n="0.1.1" morph="HNcmsc/Sp3fs" id="34zqr">כֻּלָּ֗/הּ</w>
          <w lemma="3585" morph="HNcmsa" id="346JA">כַּ֤חַשׁ</w>
          <w lemma="6563" n="0.1.0" morph="HNcmsa" id="34JyD">פֶּ֨רֶק֙</w>
          <w lemma="4395" n="0.1" morph="HAafsa" id="34jjy">מְלֵאָ֔ה</w>
          <w lemma="3808" morph="HTn" id="3479E">לֹ֥א</w>
          <w lemma="4185" n="0.0" morph="HVqi3ms" id="34Zuo">יָמִ֖ישׁ</w>
          <w lemma="2964" n="0" morph="HNcmsa" id="34LXS">טָֽרֶף</w><seg type="x-sof-pasuq">׃</seg>
        </verse>
        <verse osisID="Nah.3.2">
          <w lemma="6963 a" morph="HNcmsc" id="34mR4">ק֣וֹל</w>
          <w lemma="7752" n="1.1" morph="HNcmsa" id="34MC8">שׁ֔וֹט</w>
          <w lemma="c/6963 a" n="1.0" morph="HC/Ncmsc" id="34BnR">וְ/ק֖וֹל</w>
          <w lemma="7494" morph="HNcmsc" id="34PUg">רַ֣עַשׁ</w>
          <w lemma="212" n="1" morph="HNcmsa" id="34pUN">אוֹפָ֑ן</w>
          <w lemma="c/5483 b" morph="HC/Ncmsa" id="34gc8">וְ/ס֣וּס</w>
          <w lemma="1725" n="0.1" morph="HVqrmsa" id="34Lsp">דֹּהֵ֔ר</w>
          <w lemma="c/4818" n="0.0" morph="HC/Ncfsa" id="34SAE">וּ/מֶרְכָּבָ֖ה</w>
          <w lemma="7540" n="0" morph="HVprfsa" id="343gY">מְרַקֵּדָֽה</w><seg type="x-sof-pasuq">׃</seg>
        </verse>
        <verse osisID="Nah.3.3">
          <w lemma="6571 b" morph="HNcmsa" id="34RuM">פָּרָ֣שׁ</w>
          <w lemma="5927" n="1.1.1" morph="HVhrmsa" id="34WFU">מַעֲלֶ֗ה</w>
          <w lemma="c/3851" morph="HC/Ncmsc" id="34BJv">וְ/לַ֤הַב</w>
          <w lemma="2719" n="1.1.0" morph="HNcfsa" id="34ExP">חֶ֨רֶב֙</w>
          <w lemma="c/1300 b" morph="HC/Ncmsc" id="34ypu">וּ/בְרַ֣ק</w>
          <w lemma="2595" n="1.1" morph="HNcfsa" id="34mP3">חֲנִ֔ית</w>
          <w lemma="c/7230" morph="HC/Ncbsc" id="34V8b">וְ/רֹ֥ב</w>
          <w lemma="2491 a" n="1.0" morph="HAamsa" id="34suQ">חָלָ֖ל</w>
          <w lemma="c/3514" morph="HC/Ncmsc" id="341Su">וְ/כֹ֣בֶד</w>
          <w lemma="6297" n="1" morph="HNcmsa" id="34MEz">פָּ֑גֶר</w>
          <w lemma="c/369" morph="HC/Tn" id="34Q2u">וְ/אֵ֥ין</w>
          <w lemma="7097 b" n="0.1.0" morph="HNcbsa" id="34yT5">קֵ֨צֶה֙</w>
          <w lemma="l/1472" n="0.1" morph="HRd/Ncfsa" id="34b5Q">לַ/גְּוִיָּ֔ה</w>
          <w type="x-ketiv" lemma="3782" morph="HVNi3mp" id="34F88">יכשלו</w><note type="variant"><catchWord>יכשלו</catchWord><rdg type="x-qere"><w lemma="c/3782" n="0.0" morph="HC/Vqp3cp" id="34AXb">וְ/כָשְׁל֖וּ</w></rdg></note>
          <w lemma="b/1472" n="0" morph="HR/Ncfsc/Sp3mp" id="34Wjz">בִּ/גְוִיָּתָֽ/ם</w><seg type="x-sof-pasuq">׃</seg>
        </verse>
        <verse osisID="Nah.3.4">
          <w lemma="m/7230" n="1.1.0" morph="HR/Ncbsc" id="34bPJ">מֵ/רֹב֙</w>
          <w lemma="2183" morph="HNcmpc" id="34hS1">זְנוּנֵ֣י</w>
          <w lemma="2181" n="1.1" morph="HVqrfsa" id="34h53">זוֹנָ֔ה</w>
          <w lemma="2896 a" morph="HAafsc" id="34vpK">ט֥וֹבַת</w>
          <w lemma="2580" n="1.0" morph="HNcmsa" id="34G6E">חֵ֖ן</w>
          <w lemma="1172" morph="HNcfsc" id="344vX">בַּעֲלַ֣ת</w>
          <w lemma="3785" n="1" morph="HNcmpa" id="34X1R">כְּשָׁפִ֑ים</w>
          <w lemma="d/4376" morph="HTd/Vqrfsa" id="34bsu">הַ/מֹּכֶ֤רֶת</w>
          <w lemma="1471 a" n="0.1.0" morph="HNcmpa" id="34Ygn">גּוֹיִם֙</w>
          <w lemma="b/2183" n="0.1" morph="HR/Ncmpc/Sp3fs" id="342gM">בִּ/זְנוּנֶ֔י/הָ</w>
          <w lemma="c/4940" n="0.0" morph="HC/Ncfpa" id="34pAw">וּ/מִשְׁפָּח֖וֹת</w>
          <w lemma="b/3785" n="0" morph="HR/Ncmpc/Sp3fs" id="34mVV">בִּ/כְשָׁפֶֽי/הָ</w><seg type="x-sof-pasuq">׃</seg>
        </verse>
        <verse osisID="Nah.3.5">
          <w lemma="2005" morph="HTm/Sp1cs" id="34FMa">הִנְ/נִ֣י</w>
          <w lemma="413" n="1.1.1" morph="HR/Sp2fs" id="34KPU">אֵלַ֗יִ/ךְ</w>
          <w lemma="5002" n="1.1.0" morph="HNcmsc" id="34ki2">נְאֻם֙</w>
          <w lemma="3068" morph="HNp" id="345pZ">יְהוָ֣ה</w>
          <w lemma="6635 b" n="1.1" morph="HNcbpa" id="34HWo">צְבָא֔וֹת</w>
          <w lemma="c/1540" morph="HC/Vpp1cs" id="34zkA">וְ/גִלֵּיתִ֥י</w>
          <w lemma="7757" n="1.0" morph="HNcmpc/Sp2fs" id="34JMT">שׁוּלַ֖יִ/ךְ</w>
          <w lemma="5921 a" morph="HR" id="34jEX">עַל</w><seg type="x-maqqef">־</seg><w lemma="6440" n="1" morph="HNcbpc/Sp2fs" id="34uUA">פָּנָ֑יִ/ךְ</w>
          <w lemma="c/7200" morph="HC/Vhp1cs" id="34tKf">וְ/הַרְאֵיתִ֤י</w>
          <w lemma="1471 a" n="0.1.0" morph="HNcmpa" id="34awE">גוֹיִם֙</w>
          <w lemma="4626" n="0.1" morph="HNcmsc/Sp2fs" id="34yNT">מַעְרֵ֔/ךְ</w>
          <w lemma="c/4467" n="0.0" morph="HC/Ncfpa" id="34Azu">וּ/מַמְלָכ֖וֹת</w>
          <w lemma="7036" n="0" morph="HNcmsc/Sp2fs" id="34884">קְלוֹנֵֽ/ךְ</w><seg type="x-sof-pasuq">׃</seg>
        </verse>
        <verse osisID="Nah.3.6">
          <w lemma="c/7993" morph="HC/Vhp1cs" id="34XMu">וְ/הִשְׁלַכְתִּ֥י</w>
          <w lemma="5921 a" n="1.0.0" morph="HR/Sp2fs" id="34mrn">עָלַ֛יִ/ךְ</w>
          <w lemma="8251" n="1.0" morph="HNcmpa" id="34Xh9">שִׁקֻּצִ֖ים</w>
          <w lemma="c/5034 a" n="1" morph="HC/Vpp1cs/Sp2fs" id="34D3a">וְ/נִבַּלְתִּ֑י/ךְ</w>
          <w lemma="c/7760 a" n="0.0" morph="HC/Vqp1cs/Sp2fs" id="34wEr">וְ/שַׂמְתִּ֖י/ךְ</w>
          <w lemma="k/7210" n="0" morph="HR/Ncmsa" id="34Rvc">כְּ/רֹֽאִי</w><seg type="x-sof-pasuq">׃</seg>
        </verse>
        <verse osisID="Nah.3.7">
          <w lemma="c/1961" morph="HC/Vqp3ms" id="34c6V">וְ/הָיָ֤ה</w>
          <w lemma="3605" morph="HNcmsc" id="348eM">כָל</w><seg type="x-maqqef">־</seg><w lemma="7200" n="1.2.0" morph="HVqrmpc/Sp2fs" id="34xkK">רֹאַ֨יִ/ךְ֙</w>
          <w lemma="5074" morph="HVqi3ms" id="34rGa">יִדּ֣וֹד</w>
          <w lemma="4480 a" n="1.2" morph="HR/Sp2fs" id="34fp1">מִמֵּ֔/ךְ</w>
          <w lemma="c/559" n="1.1.0" morph="HC/Vqp3ms" id="34Y9g">וְ/אָמַר֙</w>
          <w lemma="7703" morph="HVPp3fs" id="34mGU">שָׁדְּדָ֣ה</w>
          <w lemma="5210" n="1.1" morph="HNp" id="34gBW">נִֽינְוֵ֔ה</w>
          <w lemma="4310" n="1.0" morph="HTi" id="34eLD">מִ֖י</w>
          <w lemma="5110" morph="HVqi3ms" id="3493F">יָנ֣וּד</w>
          <w lemma="l" n="1" morph="HR/Sp3fs" id="34eyL">לָ֑/הּ</w>
          <w lemma="m/370" n="0.0.0" morph="HR/Ti" id="34pm7">מֵ/אַ֛יִן</w>
          <w lemma="1245" morph="HVpi1cs" id="34teU">אֲבַקֵּ֥שׁ</w>
          <w lemma="5162" n="0.0" morph="HVprmpa" id="34c58">מְנַחֲמִ֖ים</w>
          <w lemma="l" n="0" morph="HR/Sp2fs" id="34MRA">לָֽ/ךְ</w><seg type="x-sof-pasuq">׃</seg>
        </verse>
        <verse osisID="Nah.3.8">
          <w lemma="i/3190" n="1.2.0" morph="HTi/Vhi2fs" id="34xp4">הֲ/תֵֽיטְבִי֙</w>
          <w lemma="m/4996" morph="HR/Np" id="34Hki">מִ/נֹּ֣א</w>
          <w lemma="528" n="1.2" morph="HNp" id="34QvZ">אָמ֔וֹן</w>
          <w lemma="d/3427" n="1.1.0" morph="HTd/Vqrfsa" id="34S38">הַ/יֹּֽשְׁבָה֙</w>
          <w lemma="b/2975" n="1.1" morph="HRd/Ncmpa" id="34eN1">בַּ/יְאֹרִ֔ים</w>
          <w lemma="4325" n="1.0" morph="HNcmpa" id="34HoD">מַ֖יִם</w>
          <w lemma="5439" morph="HNcbsa" id="34P5s">סָבִ֣יב</w>
          <w lemma="l" n="1" morph="HR/Sp3fs" id="345QX">לָ֑/הּ</w>
          <w lemma="834 a" morph="HTr" id="34Mxy">אֲשֶׁר</w><seg type="x-maqqef">־</seg><w lemma="2426" morph="HNcmsc" id="34w6u">חֵ֣יל</w>
          <w lemma="3220" n="0.1" morph="HNcmsa" id="34e3z">יָ֔ם</w>
          <w lemma="m/3220" n="0.0" morph="HR/Ncmsa" id="342c6">מִ/יָּ֖ם</w>
          <w lemma="2346" n="0" morph="HNcfsc/Sp3fs" id="343RL">חוֹמָתָֽ/הּ</w><seg type="x-sof-pasuq">׃</seg>
        </verse>
        <verse osisID="Nah.3.9">
          <w lemma="3568 a" morph="HNp" id="34JUf">כּ֥וּשׁ</w>
          <w lemma="6109" n="1.0.0" morph="HNcfsc/Sp3fs" id="34ce9">עָצְמָ֛/ה</w>
          <w lemma="c/4714" n="1.0" morph="HC/Np" id="34dPK">וּ/מִצְרַ֖יִם</w>
          <w lemma="c/369" morph="HC/Tn" id="34vLv">וְ/אֵ֣ין</w>
          <w lemma="7097 b" n="1" morph="HNcbsa" id="34UrG">קֵ֑צֶה</w>
          <w lemma="6316" morph="HNp" id="34Sxc">פּ֣וּט</w>
          <w lemma="c/3864" n="0.1" morph="HC/Ngmpa" id="34xwN">וְ/לוּבִ֔ים</w>
          <w lemma="1961" n="0.0" morph="HVqp3cp" id="34GjY">הָי֖וּ</w>
          <w lemma="b/5833" n="0" morph="HR/Ncfsc/Sp2fs" id="34KNo">בְּ/עֶזְרָתֵֽ/ךְ</w><seg type="x-sof-pasuq">׃</seg>
        </verse>
        <verse osisID="Nah.3.10">
          <w lemma="1571" morph="HTa" id="34NLD">גַּם</w><seg type="x-maqqef">־</seg><w lemma="1931" n="1.1.1" morph="HPp3fs" id="34GUh">הִ֗יא</w>
          <w lemma="l/1473" n="1.1.0" morph="HRd/Ncfsa" id="345aF">לַ/גֹּלָה֙</w>
          <w lemma="1980" morph="HVqp3fs" id="34taY">הָלְכָ֣ה</w>
          <w lemma="b/7628 a" n="1.1" morph="HRd/Ncbsa" id="34EZz">בַ/שֶּׁ֔בִי</w>
          <w lemma="1571" morph="HTa" id="34Hnw">גַּ֧ם</w>
          <w lemma="5768" n="1.0.0" morph="HNcmpc/Sp3fs" id="34pXi">עֹלָלֶ֛י/הָ</w>
          <w lemma="7376" n="1.0" morph="HVPi3mp" id="34Nq4">יְרֻטְּשׁ֖וּ</w>
          <w lemma="b/7218 a" morph="HR/Ncmsc" id="34rZH">בְּ/רֹ֣אשׁ</w>
          <w lemma="3605" morph="HNcmsc" id="34GtT">כָּל</w><seg type="x-maqqef">־</seg><w lemma="2351" n="1" morph="HNcmpa" id="34kwz">חוּצ֑וֹת</w>
          <w lemma="c/5921 a" morph="HC/R" id="34tc4">וְ/עַל</w><seg type="x-maqqef">־</seg><w lemma="3513" n="0.1.0" morph="HVNsmpc/Sp3fs" id="34CMD">נִכְבַּדֶּ֨י/הָ֙</w>
          <w lemma="3032" morph="HVqp3cp" id="345eq">יַדּ֣וּ</w>
          <w lemma="1486" n="0.1" morph="HNcmsa" id="34Cj2">גוֹרָ֔ל</w>
          <w lemma="c/3605" morph="HC/Ncmsc" id="34Ttm">וְ/כָל</w><seg type="x-maqqef">־</seg><w lemma="1419 a" n="0.0" morph="HAampc/Sp3fs" id="346Vi">גְּדוֹלֶ֖י/הָ</w>
          <w lemma="7576" morph="HVPp3cp" id="34V8W">רֻתְּק֥וּ</w>
          <w lemma="b/2131 b" n="0" morph="HRd/Ncmpa" id="34zg2">בַ/זִּקִּֽים</w><seg type="x-sof-pasuq">׃</seg>
        </verse>
        <verse osisID="Nah.3.11">
          <w lemma="1571" morph="HTa" id="34gXh">גַּם</w><seg type="x-maqqef">־</seg><w lemma="859 c" morph="HPp2fs" id="343iR">אַ֣תְּ</w>
          <w lemma="7937" n="1.1" morph="HVqi2fs" id="34RoG">תִּשְׁכְּרִ֔י</w>
          <w lemma="1961" n="1.0" morph="HVqi3fs" id="34jP7">תְּהִ֖י</w>
          <w lemma="5956" n="1" morph="HVNsfsa" id="34vCn">נַֽעֲלָמָ֑ה</w>
          <w lemma="1571" morph="HTa" id="34jv3">גַּם</w><seg type="x-maqqef">־</seg><w lemma="859 c" n="0.0.0" morph="HPp2fs" id="34ggL">אַ֛תְּ</w>
          <w lemma="1245" morph="HVpi2fs" id="34MVq">תְּבַקְשִׁ֥י</w>
          <w lemma="4581" n="0.0" morph="HNcmsa" id="34g1y">מָע֖וֹז</w>
          <w lemma="m/341" n="0" morph="HR/Vqrmsa" id="34CBH">מֵ/אוֹיֵֽב</w><seg type="x-sof-pasuq">׃</seg>
        </verse>
        <verse osisID="Nah.3.12">
          <w lemma="3605" morph="HNcmsc" id="343t6">כָּ֨ל</w><seg type="x-maqqef">־</seg><w lemma="4013" n="1.1" morph="HNcmpc/Sp2fs" id="34g33">מִבְצָרַ֔יִ/ךְ</w>
          <w lemma="8384" n="1.0" morph="HNcfpa" id="34LDn">תְּאֵנִ֖ים</w>
          <w lemma="5973 a" morph="HR" id="343jG">עִם</w><seg type="x-maqqef">־</seg><w lemma="1061" n="1" morph="HNcbpa" id="34WDP">בִּכּוּרִ֑ים</w>
          <w lemma="518 a" morph="HC" id="34eeF">אִם</w><seg type="x-maqqef">־</seg><w lemma="5128" n="0.1" morph="HVNi3mp" id="34idA">יִנּ֕וֹעוּ</w>
          <w lemma="c/5307" n="0.0" morph="HC/Vqp3cp" id="34Z4D">וְ/נָפְל֖וּ</w>
          <w lemma="5921 a" morph="HR" id="34VMC">עַל</w><seg type="x-maqqef">־</seg><w lemma="6310" morph="HNcmsc" id="34K8W">פִּ֥י</w>
          <w lemma="398" n="0" morph="HVqrmsa" id="346RX">אוֹכֵֽל</w><seg type="x-sof-pasuq">׃</seg>
        </verse>
        <verse osisID="Nah.3.13">
          <w lemma="2009" morph="HTm" id="34bYm">הִנֵּ֨ה</w>
          <w lemma="5971 a" morph="HNcmsc/Sp2fs" id="34M7H">עַמֵּ֤/ךְ</w>
          <w lemma="802" n="1.2.0" morph="HNcfpa" id="34gcK">נָשִׁים֙</w>
          <w lemma="b/7130" n="1.2" morph="HR/Ncmsc/Sp2fs" id="34p7s">בְּ/קִרְבֵּ֔/ךְ</w>
          <w lemma="l/341" n="1.1" morph="HR/Vqrmpc/Sp2fs" id="34ZBR">לְ/אֹ֣יְבַ֔יִ/ךְ</w>
          <w lemma="6605 a" morph="HVqa" id="34ACh">פָּת֥וֹחַ</w>
          <w lemma="6605 a" n="1.0" morph="HVNp3cp" id="34mnL">נִפְתְּח֖וּ</w>
          <w lemma="8179" morph="HNcmpc" id="3489r">שַׁעֲרֵ֣י</w>
          <w lemma="776" n="1" morph="HNcbsc/Sp2fs" id="34GmF">אַרְצֵ֑/ךְ</w>
          <w lemma="398" morph="HVqp3fs" id="34fcv">אָכְלָ֥ה</w>
          <w lemma="784" n="0.0" morph="HNcbsa" id="34knb">אֵ֖שׁ</w>
          <w lemma="1280" n="0" morph="HNcmpc/Sp2fs" id="34Qpj">בְּרִיחָֽיִ/ך</w><seg type="x-sof-pasuq">׃</seg>
        </verse>
        <verse osisID="Nah.3.14">
          <w lemma="4325" morph="HNcmpc" id="34MDS">מֵ֤י</w>
          <w lemma="4692" n="1.1.0" morph="HNcmsa" id="34YBx">מָצוֹר֙</w>
          <w lemma="7579" morph="HVqv2fs" id="34kMZ">שַֽׁאֲבִי</w><seg type="x-maqqef">־</seg><w lemma="l" n="1.1" morph="HR/Sp2fs" id="34uqC">לָ֔/ךְ</w>
          <w lemma="2388" n="1.0" morph="HVpv2fs" id="34VY5">חַזְּקִ֖י</w>
          <w lemma="4013" n="1" morph="HNcmpc/Sp2fs" id="34WJY">מִבְצָרָ֑יִ/ךְ</w>
          <w lemma="935" morph="HVqv2fs" id="34brh">בֹּ֧אִי</w>
          <w lemma="b/2916" n="0.0.0" morph="HRd/Ncmsa" id="34w1U">בַ/טִּ֛יט</w>
          <w lemma="c/7429" morph="HC/Vqv2fs" id="34aqT">וְ/רִמְסִ֥י</w>
          <w lemma="b/2563 a" n="0.0" morph="HRd/Ncmsa" id="34zXi">בַ/חֹ֖מֶר</w>
          <w lemma="2388" morph="HVhv2fs" id="34H8a">הַחֲזִ֥יקִי</w>
          <w lemma="4404" n="0" morph="HNcmsa" id="34Sjh">מַלְבֵּֽן</w><seg type="x-sof-pasuq">׃</seg>
        </verse>
        <verse osisID="Nah.3.15">
          <w lemma="8033" n="1.2.0" morph="HD" id="34oYp">שָׁ֚ם</w>
          <w lemma="398" morph="HVqi3fs/Sp2fs" id="34Pht">תֹּאכְלֵ֣/ךְ</w>
          <w lemma="784" n="1.2" morph="HNcbsa" id="34idy">אֵ֔שׁ</w>
          <w lemma="3772" morph="HVhi3fs/Sp2fs" id="34PU6">תַּכְרִיתֵ֣/ךְ</w>
          <w lemma="2719" n="1.1" morph="HNcfsa" id="34FCP">חֶ֔רֶב</w>
          <w lemma="398" n="1.0" morph="HVqi3fs/Sp2fs" id="34YuY">תֹּאכְלֵ֖/ךְ</w>
          <w lemma="k/3218" n="1" morph="HRd/Ncmsa" id="348Js">כַּ/יָּ֑לֶק</w>
          <w lemma="3513" morph="HVtv2ms" id="34FyK">הִתְכַּבֵּ֣ד</w>
          <w lemma="k/3218" n="0.1" morph="HRd/Ncmsa" id="34XjR">כַּ/יֶּ֔לֶק</w>
          <w lemma="3513" n="0.0" morph="HVtv2fs" id="34jaD">הִֽתְכַּבְּדִ֖י</w>
          <w lemma="k/697" n="0" morph="HRd/Ncmsa" id="34W7V">כָּ/אַרְבֶּֽה</w><seg type="x-sof-pasuq">׃</seg>
        </verse>
        <verse osisID="Nah.3.16">
          <w lemma="7235 a" n="1.1.0" morph="HVhp2fs" id="34U2Y">הִרְבֵּית֙</w>
          <w lemma="7402" n="1.1" morph="HVqrmpc/Sp2fs" id="348na">רֹֽכְלַ֔יִ/ךְ</w>
          <w lemma="m/3556" n="1.0" morph="HR/Ncmpc" id="34sgw">מִ/כּוֹכְבֵ֖י</w>
          <w lemma="d/8064" n="1" morph="HTd/Ncmpa" id="34MDX">הַ/שָּׁמָ֑יִם</w>
          <w lemma="3218" morph="HNcmsa" id="34pPp">יֶ֥לֶק</w>
          <w lemma="6584" n="0.0" morph="HVqp3ms" id="34ieN">פָּשַׁ֖ט</w>
          <w lemma="c/5774 a" n="0" morph="HC/Vqw3ms" id="34Csj">וַ/יָּעֹֽף</w><seg type="x-sof-pasuq">׃</seg>
        </verse>
        <verse osisID="Nah.3.17">
          <w lemma="4502" n="1.1.0" morph="HNcmpc/Sp2fs" id="34rHn">מִנְּזָרַ֨יִ/ךְ֙</w>
          <w lemma="k/697" n="1.1" morph="HRd/Ncmsa" id="34ViB">כָּֽ/אַרְבֶּ֔ה</w>
          <w lemma="c/2951" n="1.0" morph="HC/Ncmpc/Sp2fs" id="34CFo">וְ/טַפְסְרַ֖יִ/ךְ</w>
          <w lemma="k/1462 a" morph="HR/Ncmsc" id="345Ja">כְּ/ג֣וֹב</w>
          <w lemma="1462 b" n="1" morph="HNcmpa" id="34UXS">גֹּבָ֑י</w>
          <w lemma="d/2583" morph="HTd/Vqrmpa" id="34YQ8">הַֽ/חוֹנִ֤ים</w>
          <w lemma="b/1448" n="0.2.0" morph="HRd/Ncfpa" id="34Abd">בַּ/גְּדֵרוֹת֙</w>
          <w lemma="b/3117" morph="HR/Ncmsc" id="342UV">בְּ/י֣וֹם</w>
          <w lemma="7135" n="0.2" morph="HNcfsa" id="34ZtS">קָרָ֔ה</w>
          <w lemma="8121" morph="HNcbsa" id="34gMU">שֶׁ֤מֶשׁ</w>
          <w lemma="2224" n="0.1.0" morph="HVqp3fs" id="34nWb">זָֽרְחָה֙</w>
          <w lemma="c/5074" n="0.1" morph="HC/VMp3ms" id="34GXk">וְ/נוֹדַ֔ד</w>
          <w lemma="c/3808" morph="HC/Tn" id="34TZa">וְ/לֹֽא</w><seg type="x-maqqef">־</seg><w lemma="3045" morph="HVNp3ms" id="345qp">נוֹדַ֥ע</w>
          <w lemma="4725" n="0.0" morph="HNcmsc/Sp3ms" id="34uHZ">מְקוֹמ֖/וֹ</w>
          <w lemma="335" n="0" morph="HTi/Sp3mp" id="34pAL">אַיָּֽ/ם</w><seg type="x-sof-pasuq">׃</seg>
        </verse>
        <verse osisID="Nah.3.18">
          <w lemma="5123" morph="HVqp3cp" id="34hSr">נָמ֤וּ</w>
          <w lemma="7462 b" n="1.1.0" morph="HVqrmpc/Sp2ms" id="34ZMk">רֹעֶ֨י/ךָ֙</w>
          <w lemma="4428" morph="HNcmsc" id="34irW">מֶ֣לֶךְ</w>
          <w lemma="804" n="1.1" morph="HNp" id="34x72">אַשּׁ֔וּר</w>
          <w lemma="7931" n="1.0" morph="HVqi3mp" id="34FYV">יִשְׁכְּנ֖וּ</w>
          <w lemma="117" n="1" morph="HAampc/Sp2ms" id="34Uoo">אַדִּירֶ֑י/ךָ</w>
          <w lemma="6335 b" morph="HVNp3cp" id="34sC3">נָפֹ֧שׁוּ</w>
          <w lemma="5971 a" n="0.0.0" morph="HNcmsc/Sp2ms" id="344CS">עַמְּ/ךָ֛</w>
          <w lemma="5921 a" morph="HR" id="346n2">עַל</w><seg type="x-maqqef">־</seg><w lemma="d/2022" n="0.0" morph="HTd/Ncmpa" id="34HqY">הֶ/הָרִ֖ים</w>
          <w lemma="c/369" morph="HC/Tn" id="34BFZ">וְ/אֵ֥ין</w>
          <w lemma="6908" n="0" morph="HVprmsa" id="34shy">מְקַבֵּֽץ</w><seg type="x-sof-pasuq">׃</seg>
        </verse>
        <verse osisID="Nah.3.19">
          <w lemma="369" morph="HTn" id="34nzj">אֵין</w><seg type="x-maqqef">־</seg><w lemma="3545" morph="HNcfsa" id="34vpT">כֵּהָ֣ה</w>
          <w lemma="l/7667" n="1.1" morph="HR/Ncmsc/Sp2ms" id="343Sx">לְ/שִׁבְרֶ֔/ךָ</w>
          <w lemma="2470 a" n="1.0" morph="HVNsfsa" id="34qVv">נַחְלָ֖ה</w>
          <w lemma="4347" n="1" morph="HNcfsc/Sp2ms" id="34Kov">מַכָּתֶ֑/ךָ</w>
          <w lemma="3605" n="0.1.1.0" morph="HNcmsc" id="34HNy">כֹּ֣ל</w>
          <seg type="x-paseq">׀</seg>
          <w lemma="8085" morph="HVqrmpc" id="34Ta6">שֹׁמְעֵ֣י</w>
          <w lemma="8088 b" n="0.1.1" morph="HNcmsc/Sp2ms" id="34ER2">שִׁמְעֲ/ךָ֗</w>
          <w lemma="8628" morph="HVqp3cp" id="34yP1">תָּ֤קְעוּ</w>
          <w lemma="3709" n="0.1.0" morph="HNcfsa" id="34w4T">כַף֙</w>
          <w lemma="5921 a" n="0.1" morph="HR/Sp2ms" id="34Cyx">עָלֶ֔י/ךָ</w>
          <w lemma="3588 a" n="0.0.1" morph="HC" id="34qTT">כִּ֗י</w>
          <w lemma="5921 a" morph="HR" id="34m55">עַל</w><seg type="x-maqqef">־</seg><w lemma="4310" n="0.0.0" morph="HTi" id="34AF1">מִ֛י</w>
          <w lemma="3808" morph="HTn" id="345ED">לֹֽא</w><seg type="x-maqqef">־</seg><w lemma="5674 a" morph="HVqp3fs" id="34zCS">עָבְרָ֥ה</w>
          <w lemma="7451 c" n="0.0" morph="HNcfsc/Sp2ms" id="34LsC">רָעָתְ/ךָ֖</w>
          <w lemma="8548" n="0" morph="HNcmsa" id="34B4x">תָּמִֽיד</w><seg type="x-sof-pasuq">׃</seg>
        </verse>
      </chapter>
    </div>
  </osisText>
</osis>