<?xml version="1.0" encoding="UTF-8"?>
<osis xmlns="http://www.bibletechnologies.net/2003/OSIS/namespace" xmlns:xsi="http://www.w3.org/2001/XMLSchema-instance" xsi:schemaLocation="http://www.bibletechnologies.net/2003/OSIS/namespace http://www.bibletechnologies.net/osisCore.2.1.1.xsd">
  <osisText xml:lang="he" osisIDWork="OSHB" osisRefWork="Bible">
    <header>
      <revisionDesc resp="dt">
        <date>2017.12.10</date>
        <p>Release of full morphology</p>
      </revisionDesc>
      <revisionDesc resp="dt">
        <date>2016.03.03</date>
        <p>Updated to WLC version 4.20.</p>
      </revisionDesc>
      <revisionDesc resp="dt">
        <date>2013.12.11</date>
        <p>First release of morphology on selected portions.</p>
      </revisionDesc>
      <revisionDesc resp="dt">
        <date>2013.07.10</date>
        <p>Updated to WLC version 4.18.</p>
      </revisionDesc>
      <revisionDesc resp="dt">
        <date>2012.07.18</date>
        <p>Updated to WLC version 4.16.</p>
      </revisionDesc>
      <revisionDesc resp="dt">
        <date>2011.01.21</date>
        <p>Updated to WLC version 4.14.</p>
      </revisionDesc>
      <revisionDesc resp="dt">
        <date>2008.08.08</date>
        <p>Convert the Westminster Leningrad Codex files from TEI markup to OSIS book files.</p>
      </revisionDesc>
      <work osisWork="OSHB" xml:lang="he">
        <title>Open Scriptures Hebrew Bible</title>
        <contributor role="edt">Daniel Owens</contributor>
        <contributor role="edt">David Troidl</contributor>
        <date>2007.9.16</date>
        <identifier type="URL">https://github.com/openscriptures/morphhb</identifier>
        <rights type="x-BY">Creative Commons Attribution 4.0</rights>
        <refSystem>Bible.MT</refSystem>
      </work>
      <work osisWork="WLC" xml:lang="he">
        <title>Westminster Leningrad Codex</title>
        <contributor role="edt">Christopher V. Kimball</contributor>
        <date>2007.9.16</date>
        <identifier type="URL">http://www.tanach.us/Tanach.xml</identifier>
        <rights>Public Domain</rights>
        <refSystem>Bible.MT</refSystem>
      </work>
      <work osisWork="BHS" xml:lang="he">
        <title>BHS unaccented with Strongs</title>
        <contributor role="edt">Joseph Planeta</contributor>
        <contributor role="edt">Rev. Graham Nind</contributor>
        <description>Unaccented Biblia Hebraica Stuttgartensia Hebrew with Strong's numbers by Rev. Graham.</description>
        <identifier type="URL">http://www.faithofgod.net/</identifier>
        <identifier type="URL">http://www.grahamnind.dsl.pipex.com/files</identifier>
        <rights>Public Domain</rights>
      </work>
      <work osisWork="Strong" xml:lang="en">
        <title>A Concise Dictionary of the Words in the Hebrew Bible</title>
        <title type="sub">with their Renderings in the King James Version</title>
        <contributor role="edt">David Troidl</contributor>
        <contributor role="edt">David Instone-Brewer</contributor>
        <creator role="edt">James Strong, LL.D., S.T.D.</creator>
        <date>1894</date>
        <description resp="dib">The data came from several PD sources which were full of errors. I cleaned them by comparing them to each other and (where necessary) looking at the original.</description>
        <publisher>Hunt &amp; Eaton</publisher>
        <identifier type="URL">www.2LetterLookup.com</identifier>
        <source>The exhaustive concordance of the Bible:</source>
        <rights>Public Domain</rights>
        <refSystem>Dict.Strongs</refSystem>
      </work>
      <work osisWork="OSHM" xml:lang="en">
        <title>Open Scriptures Hebrew Morphology</title>
        <contributor role="ctb">Chapel Presson</contributor>
        <contributor role="ctb">Daniel Owens</contributor>
        <contributor role="ctb">David Troidl</contributor>
        <contributor role="ctb">Jesse Griffin</contributor>
        <contributor role="ctb">Andy Hubert</contributor>
        <contributor role="ctb">Angela Westmoreland</contributor>
        <contributor role="ctb">Grant Ailie</contributor>
        <contributor role="ctb">Joel Ruark</contributor>
        <contributor role="ctb">Kenny Hilliard</contributor>
        <contributor role="ctb">Luong Hao Tran</contributor>
        <contributor role="ctb">Nathan Wilson</contributor>
        <contributor role="ctb">Ryan Davis</contributor>
        <contributor role="ctb">Aaron Laws</contributor>
        <contributor role="ctb">Adam Nagelvoort</contributor>
        <contributor role="ctb">Adriel Ickler</contributor>
        <contributor role="ctb">Agus Santoso</contributor>
        <contributor role="ctb">Andy Hophd</contributor>
        <contributor role="ctb">Angelo Salais</contributor>
        <contributor role="ctb">Annie Jeong</contributor>
        <contributor role="ctb">Ariel Tidre Ferreira</contributor>
        <contributor role="ctb">Artsiom Vorsa</contributor>
        <contributor role="ctb">artyom vorsa</contributor>
        <contributor role="ctb">Ashley Whitlatch</contributor>
        <contributor role="ctb">Austen Dutton</contributor>
        <contributor role="ctb">Barry Smith</contributor>
        <contributor role="ctb">Ben Dwyer</contributor>
        <contributor role="ctb">Ben Wulpi</contributor>
        <contributor role="ctb">Benjamin Epstein</contributor>
        <contributor role="ctb">Bill Chaffin</contributor>
        <contributor role="ctb">Braxton Bogard</contributor>
        <contributor role="ctb">Bret Stewart</contributor>
        <contributor role="ctb">Bruce Taylor</contributor>
        <contributor role="ctb">Bryant Huang</contributor>
        <contributor role="ctb">Caleb Maclennan</contributor>
        <contributor role="ctb">chad buel</contributor>
        <contributor role="ctb">Chase Parkey</contributor>
        <contributor role="ctb">Cheryl Riddell</contributor>
        <contributor role="ctb">Chris McKirgan</contributor>
        <contributor role="ctb">Christof  Bucherer</contributor>
        <contributor role="ctb">ciro izzo</contributor>
        <contributor role="ctb">Clemens Gudenus</contributor>
        <contributor role="ctb">Cody Kingham</contributor>
        <contributor role="ctb">Cody Marceau</contributor>
        <contributor role="ctb">Collin Hatcher</contributor>
        <contributor role="ctb">Connie Andrews</contributor>
        <contributor role="ctb">Damien Riegel</contributor>
        <contributor role="ctb">Dan Simmons</contributor>
        <contributor role="ctb">Daniel Bowman</contributor>
        <contributor role="ctb">Danielle Pamela</contributor>
        <contributor role="ctb">Darla Nine</contributor>
        <contributor role="ctb">Darrell Smith</contributor>
        <contributor role="ctb">Dave Jones</contributor>
        <contributor role="ctb">Dave Whitman</contributor>
        <contributor role="ctb">David Carr</contributor>
        <contributor role="ctb">David Cohen</contributor>
        <contributor role="ctb">David Laycock</contributor>
        <contributor role="ctb">David Lewis</contributor>
        <contributor role="ctb">David Roth</contributor>
        <contributor role="ctb">David Uhrik</contributor>
        <contributor role="ctb">Diana Zhang</contributor>
        <contributor role="ctb">Diego Chaves</contributor>
        <contributor role="ctb">Dmitriy Kashelevskiy</contributor>
        <contributor role="ctb">doug hendren</contributor>
        <contributor role="ctb">Eddy Yates</contributor>
        <contributor role="ctb">Edgar Vorsa</contributor>
        <contributor role="ctb">Eduardo Martorano</contributor>
        <contributor role="ctb">Eiichi  Masuda </contributor>
        <contributor role="ctb">Eliezer Abreu</contributor>
        <contributor role="ctb">Eric Wong</contributor>
        <contributor role="ctb">Esther Dang</contributor>
        <contributor role="ctb">Ferenczi Kristof</contributor>
        <contributor role="ctb">Flavio Souza</contributor>
        <contributor role="ctb">Frederick Edelstein</contributor>
        <contributor role="ctb">Gantumur Luvsangombo</contributor>
        <contributor role="ctb">Gary Rickman</contributor>
        <contributor role="ctb">Geert Kok</contributor>
        <contributor role="ctb">Gerald Broadbent</contributor>
        <contributor role="ctb">Gergely Juhasz</contributor>
        <contributor role="ctb">Giancarlos Toro</contributor>
        <contributor role="ctb">Greg Walton</contributor>
        <contributor role="ctb">Hamidreza Hatamikasavand</contributor>
        <contributor role="ctb">Hector Molano</contributor>
        <contributor role="ctb">Hermanus Taute</contributor>
        <contributor role="ctb">hermon chan</contributor>
        <contributor role="ctb">Hyman Robles</contributor>
        <contributor role="ctb">Hyunsoo Yang</contributor>
        <contributor role="ctb">inhyuk lee</contributor>
        <contributor role="ctb">Israel Andrade</contributor>
        <contributor role="ctb">Israel Ruiz</contributor>
        <contributor role="ctb">Jack Weinbender</contributor>
        <contributor role="ctb">JaiHee Kwak</contributor>
        <contributor role="ctb">James Bejon</contributor>
        <contributor role="ctb">James Castell</contributor>
        <contributor role="ctb">James Cuenod</contributor>
        <contributor role="ctb">James Duguid</contributor>
        <contributor role="ctb">Jean veran</contributor>
        <contributor role="ctb">JeanJacques KRIEF</contributor>
        <contributor role="ctb">Jeff Goo</contributor>
        <contributor role="ctb">Jeong Jae Yoo</contributor>
        <contributor role="ctb">Jeremiah Myers</contributor>
        <contributor role="ctb">Jeremy Bullard</contributor>
        <contributor role="ctb">jessica jones</contributor>
        <contributor role="ctb">Jiri Richter</contributor>
        <contributor role="ctb">Joao Luis Fedel Goncalves</contributor>
        <contributor role="ctb">Joel Peeters</contributor>
        <contributor role="ctb">Joel Rubin</contributor>
        <contributor role="ctb">john knightley</contributor>
        <contributor role="ctb">John Mellison</contributor>
        <contributor role="ctb">John Studebaker</contributor>
        <contributor role="ctb">jonatas margiotta</contributor>
        <contributor role="ctb">Jonathan Walsh</contributor>
        <contributor role="ctb">jony clynn</contributor>
        <contributor role="ctb">Jose Martinez</contributor>
        <contributor role="ctb">joseph lee</contributor>
        <contributor role="ctb">Joseph Li</contributor>
        <contributor role="ctb">Joseph MICHEL</contributor>
        <contributor role="ctb">Judy Hendren</contributor>
        <contributor role="ctb">Julia Tang</contributor>
        <contributor role="ctb">Justin So</contributor>
        <contributor role="ctb">Juswaldy Jusman</contributor>
        <contributor role="ctb">Kap Soo LEE</contributor>
        <contributor role="ctb">Kara Bohall</contributor>
        <contributor role="ctb">Karel Jongeling</contributor>
        <contributor role="ctb">Kathy Scott</contributor>
        <contributor role="ctb">Keanan Bovie</contributor>
        <contributor role="ctb">Keith Hanson</contributor>
        <contributor role="ctb">Keith Kresge</contributor>
        <contributor role="ctb">Kevin Andersson</contributor>
        <contributor role="ctb">Kevin Johanson</contributor>
        <contributor role="ctb">Kevin Townsend</contributor>
        <contributor role="ctb">Kiriana Kingston</contributor>
        <contributor role="ctb">Laurentiu Gabriel Ionescu</contributor>
        <contributor role="ctb">LEE Arrington</contributor>
        <contributor role="ctb">Lee Bruckner</contributor>
        <contributor role="ctb">Len Clark</contributor>
        <contributor role="ctb">Leng Xiong</contributor>
        <contributor role="ctb">LENO VICTOR DE SANTANA</contributor>
        <contributor role="ctb">libor neuman</contributor>
        <contributor role="ctb">lisa lisa</contributor>
        <contributor role="ctb">M Cecil Dietz</contributor>
        <contributor role="ctb">Malkalain Greenwell</contributor>
        <contributor role="ctb">Marc Cordova</contributor>
        <contributor role="ctb">Marfeal Santiago</contributor>
        <contributor role="ctb">Marianne Szpilka</contributor>
        <contributor role="ctb">Martin Daly</contributor>
        <contributor role="ctb">Matan Bino</contributor>
        <contributor role="ctb">Matthew Schug</contributor>
        <contributor role="ctb">Max Pilo</contributor>
        <contributor role="ctb">Micahel Leong</contributor>
        <contributor role="ctb">Michael Fenn</contributor>
        <contributor role="ctb">Michael Nicholson</contributor>
        <contributor role="ctb">Miguel SANTOS</contributor>
        <contributor role="ctb">Mike Brown</contributor>
        <contributor role="ctb">mike fenn</contributor>
        <contributor role="ctb">mirlande amazan</contributor>
        <contributor role="ctb">Moongui Ulbrich</contributor>
        <contributor role="ctb">Napoleon Gasilan</contributor>
        <contributor role="ctb">Natashia Roy</contributor>
        <contributor role="ctb">Nathan Bierma</contributor>
        <contributor role="ctb">Nathan Lee</contributor>
        <contributor role="ctb">Nathan Wilson</contributor>
        <contributor role="ctb">Neil Cadman</contributor>
        <contributor role="ctb">Okyob Jeon</contributor>
        <contributor role="ctb">omer omer</contributor>
        <contributor role="ctb">Onur Yos</contributor>
        <contributor role="ctb">Paul Cook</contributor>
        <contributor role="ctb">Pete Myers</contributor>
        <contributor role="ctb">pete Norcross</contributor>
        <contributor role="ctb">Peter Erdodi</contributor>
        <contributor role="ctb">Peter Ho</contributor>
        <contributor role="ctb">peter zimonyi</contributor>
        <contributor role="ctb">Petr Miencil</contributor>
        <contributor role="ctb">Petr Vejmelka</contributor>
        <contributor role="ctb">phyl ma</contributor>
        <contributor role="ctb">ralph zak</contributor>
        <contributor role="ctb">Ramos Simanjuntak</contributor>
        <contributor role="ctb">Rebeca Martinez</contributor>
        <contributor role="ctb">Regina Hong</contributor>
        <contributor role="ctb">Rendhi Vianirio</contributor>
        <contributor role="ctb">Ricardo  Luiz Pinto</contributor>
        <contributor role="ctb">Richard Baker</contributor>
        <contributor role="ctb">Robert Berger</contributor>
        <contributor role="ctb">Robert Holmstedt</contributor>
        <contributor role="ctb">robert saunders</contributor>
        <contributor role="ctb">Roberta Potgieter</contributor>
        <contributor role="ctb">rocket fortyfive</contributor>
        <contributor role="ctb">Rodrigo Castro</contributor>
        <contributor role="ctb">Ross Tenneson</contributor>
        <contributor role="ctb">Ruairidh MacLean</contributor>
        <contributor role="ctb">Ruben Kraiem</contributor>
        <contributor role="ctb">Sebastien GOEURY</contributor>
        <contributor role="ctb">Shane Pimental</contributor>
        <contributor role="ctb">Sharon Hamel</contributor>
        <contributor role="ctb">Shawn Goodwin</contributor>
        <contributor role="ctb">shukai cheung</contributor>
        <contributor role="ctb">Siew GuoFen</contributor>
        <contributor role="ctb">silas army</contributor>
        <contributor role="ctb">Simon Pan</contributor>
        <contributor role="ctb">Sir Robert Burbridge</contributor>
        <contributor role="ctb">Soliman Hanna</contributor>
        <contributor role="ctb">Spyros Karalis</contributor>
        <contributor role="ctb">Stephen Durkee</contributor>
        <contributor role="ctb">Steve Beukema</contributor>
        <contributor role="ctb">SunGyo Kim</contributor>
        <contributor role="ctb">Talia  Smith</contributor>
        <contributor role="ctb">Thien Tran</contributor>
        <contributor role="ctb">Thierry Tchiakpe</contributor>
        <contributor role="ctb">tiago thorlby</contributor>
        <contributor role="ctb">Timothy Keiderling</contributor>
        <contributor role="ctb">timothy yeh</contributor>
        <contributor role="ctb">Todd Patterson</contributor>
        <contributor role="ctb">Toe Set</contributor>
        <contributor role="ctb">Tomas Uher</contributor>
        <contributor role="ctb">Troy Nelson</contributor>
        <contributor role="ctb">uriel arevalo</contributor>
        <contributor role="ctb">Vanda Bayer</contributor>
        <contributor role="ctb">Vladimir Polyanskia</contributor>
        <contributor role="ctb">w s</contributor>
        <contributor role="ctb">Wally Kimball</contributor>
        <contributor role="ctb">walt seevers</contributor>
        <contributor role="ctb">Wattanavadee Jitpakdee</contributor>
        <contributor role="ctb">Wayne Buchanan</contributor>
        <contributor role="ctb">Wellington Machado</contributor>
        <contributor role="ctb">Wendy Kwan</contributor>
        <contributor role="ctb">Wesley Walker</contributor>
        <contributor role="ctb">William Pak</contributor>
        <contributor role="ctb">william stewart</contributor>
        <contributor role="ctb">Xi Li</contributor>
        <contributor role="ctb">yasu shimizu</contributor>
        <contributor role="ctb">Yoo sung  Chang</contributor>
        <contributor role="ctb">zac rigsby</contributor>
        <contributor role="ctb">Zack Vera</contributor>
        <contributor role="ctb">zhishi Lin</contributor>
        <contributor role="ctb">Zsolt Jarai</contributor>
        <creator role="edt">Open Scriptures Hebrew Bible Project</creator>
        <date>2019.1.13</date>
        <identifier type="URL">https://github.com/openscriptures/morphhb</identifier>
        <rights type="x-BY">Creative Commons Attribution 4.0</rights>
        <refSystem>Dict.oshm</refSystem>
      </work>
      <workPrefix path="//w/@lemma" osisWork="Strong"/>
      <workPrefix path="//w/@morph" osisWork="OSHM"/>
    </header>
    <div type="book" osisID="Obad">
      <chapter osisID="Obad.1">
        <verse osisID="Obad.1.1">
          <w lemma="2377" n="1.0" morph="HNcmsc" id="31xeN">חֲז֖וֹן</w>
          <w lemma="5662" n="1" morph="HNp" id="31Nvk">עֹֽבַדְיָ֑ה</w>
          <w lemma="3541" morph="HD" id="31TyA">כֹּֽה</w><seg type="x-maqqef">־</seg><w lemma="559" morph="HVqp3ms" id="31vuQ">אָמַר֩</w>
          <w lemma="136" morph="HNcmpc/Sp1cs" id="31TSc">אֲדֹנָ֨/י</w>
          <w lemma="3069" n="0.0.2.0" morph="HNp" id="31k5P">יְהוִ֜ה</w>
          <w lemma="l/123" n="0.0.2" morph="HR/Np" id="31nPh">לֶ/אֱד֗וֹם</w>
          <w lemma="8052" morph="HNcfsa" id="31LN3">שְׁמוּעָ֨ה</w>
          <w lemma="8085" n="0.0.1.0" morph="HVqp1cp" id="31Qzf">שָׁמַ֜עְנוּ</w>
          <w lemma="m/854" morph="HR/R" id="31aPd">מֵ/אֵ֤ת</w>
          <w lemma="3068" n="0.0.1" morph="HNp" id="31eYX">יְהוָה֙</w>
          <w lemma="c/6735 a" n="0.0.0" morph="HC/Ncmsa" id="31C5U">וְ/צִיר֙</w>
          <w lemma="b/1471 a" morph="HRd/Ncmpa" id="31qNN">בַּ/גּוֹיִ֣ם</w>
          <w lemma="7971" n="0.0" morph="HVPp3ms" id="31EVS">שֻׁלָּ֔ח</w>
          <w lemma="6965 b" morph="HVqv2mp" id="31PB6">ק֛וּמוּ</w>
          <w lemma="c/6965 b" morph="HC/Vqh1cp" id="3137c">וְ/נָק֥וּמָה</w>
          <w lemma="5921 a" morph="HR/Sp3fs" id="31x9c">עָלֶי/הָ</w>
          <note n="Q">Marks a place where we agree with BHQ against BHS in reading L. </note>
          <note n="c">We read one or more accents in L differently than BHS. Often this notation indicates a typographical error in BHS. </note>
          <note n="n">Marks an anomalous form. </note>
          <w lemma="l/4421" n="0" morph="HRd/Ncfsa" id="31yNB">לַ/מִּלְחָמָֽה</w><seg type="x-sof-pasuq">׃</seg>
        </verse>
        <verse osisID="Obad.1.2">
          <w lemma="2009" morph="HTm" id="3129t">הִנֵּ֥ה</w>
          <w lemma="6996 b" n="1.0.0" morph="HAamsa" id="31KZG">קָטֹ֛ן</w>
          <w lemma="5414" n="1.0" morph="HVqp1cs/Sp2ms" id="31TZE">נְתַתִּ֖י/ךָ</w>
          <w lemma="b/1471 a" n="1" morph="HRd/Ncmpa" id="31thY">בַּ/גּוֹיִ֑ם</w>
          <w lemma="959" morph="HVqsmsa" id="31JM7">בָּז֥וּי</w>
          <w lemma="859 a" n="0.0" morph="HPp2ms" id="31fpo">אַתָּ֖ה</w>
          <w lemma="3966" n="0" morph="HD" id="31W26">מְאֹֽד</w><seg type="x-sof-pasuq">׃</seg>
        </verse>
        <verse osisID="Obad.1.3">
          <w lemma="2087" morph="HNcmsc" id="31yw4">זְד֤וֹן</w>
          <w lemma="3820 a" n="1.1.0" morph="HNcmsc/Sp2ms" id="31jbg">לִבְּ/ךָ֙</w>
          <w lemma="5377" n="1.1" morph="HVhp3ms/Sp2ms" id="31USR">הִשִּׁיאֶ֔/ךָ</w>
          <w lemma="7931" morph="HVqrmsc" id="31v6U">שֹׁכְנִ֥י</w>
          <w lemma="b/2288" morph="HR/Ncmpc" id="315SS">בְ/חַגְוֵי</w><seg type="x-maqqef">־</seg><w lemma="5553" n="1.0" morph="HNcmsa" id="31GzE">סֶּ֖לַע</w>
          <w lemma="4791" morph="HNcmsc" id="31qCU">מְר֣וֹם</w>
          <w lemma="7675" n="1" morph="HNcfsc/Sp3ms" id="31g2y">שִׁבְתּ֑/וֹ</w>
          <w lemma="559" morph="HVqrmsa" id="31jQb">אֹמֵ֣ר</w>
          <w lemma="b/3820 a" n="0.1" morph="HR/Ncmsc/Sp3ms" id="31794">בְּ/לִבּ֔/וֹ</w>
          <w lemma="4310" morph="HTi" id="31CsU">מִ֥י</w>
          <w lemma="3381" n="0.0" morph="HVhi3ms/Sp1cs" id="31XR4">יוֹרִדֵ֖/נִי</w>
          <w lemma="776" n="0" morph="HNcbsa" id="31KvS">אָֽרֶץ</w><seg type="x-sof-pasuq">׃</seg>
        </verse>
        <verse osisID="Obad.1.4">
          <w lemma="518 a" morph="HC" id="31dBc">אִם</w><seg type="x-maqqef">־</seg><w lemma="1361" morph="HVhi2ms" id="31nAB">תַּגְבִּ֣יהַּ</w>
          <w lemma="k/5404" n="1.1" morph="HRd/Ncmsa" id="31kfX">כַּ/נֶּ֔שֶׁר</w>
          <w lemma="c/518 a" morph="HC/C" id="31Wkf">וְ/אִם</w><seg type="x-maqqef">־</seg><w lemma="996" morph="HR" id="31wrL">בֵּ֥ין</w>
          <w lemma="3556" n="1.0" morph="HNcmpa" id="313TL">כּֽוֹכָבִ֖ים</w>
          <w lemma="7760 a" morph="HVqsmsa" id="31LeN">שִׂ֣ים</w>
          <w lemma="7064" n="1" morph="HNcmsc/Sp2ms" id="31sMn">קִנֶּ֑/ךָ</w>
          <w lemma="m/8033" morph="HR/D" id="31Y3z">מִ/שָּׁ֥ם</w>
          <w lemma="3381" n="0.0" morph="HVhi1cs/Sp2ms" id="31NQN">אוֹרִֽידְ/ךָ֖</w>
          <w lemma="5002" morph="HNcmsc" id="31uLf">נְאֻם</w><seg type="x-maqqef">־</seg><w lemma="3068" n="0" morph="HNp" id="31kA7">יְהוָֽה</w><seg type="x-sof-pasuq">׃</seg>
        </verse>
        <verse osisID="Obad.1.5">
          <w lemma="518 a" morph="HC" id="313TS">אִם</w><seg type="x-maqqef">־</seg><w lemma="1590" morph="HNcmpa" id="31NFp">גַּנָּבִ֤ים</w>
          <w lemma="935" morph="HVqp3cp" id="317am">בָּאֽוּ</w><seg type="x-maqqef">־</seg><w lemma="l" n="1.2.0" morph="HR/Sp2ms" id="31hh7">לְ/ךָ֙</w>
          <w lemma="518 a" morph="HC" id="31BsK">אִם</w><seg type="x-maqqef">־</seg><w lemma="7703" morph="HVqrmpc" id="31fsu">שׁ֣וֹדְדֵי</w>
          <w lemma="3915" n="1.2" morph="HNcmsa" id="318M6">לַ֔יְלָה</w>
          <w lemma="349 a" morph="HTi" id="31wM5">אֵ֣יךְ</w>
          <w lemma="1820" n="1.1" morph="HVNp2ms" id="31qty">נִדְמֵ֔יתָה</w>
          <w lemma="i/3808" morph="HTi/Tn" id="315gQ">הֲ/ל֥וֹא</w>
          <w lemma="1589" n="1.0" morph="HVqi3mp" id="31Xw6">יִגְנְב֖וּ</w>
          <w lemma="1767" n="1" morph="HNcmsc/Sp3mp" id="31eHJ">דַּיָּ֑/ם</w>
          <w lemma="518 a" morph="HC" id="31H6L">אִם</w><seg type="x-maqqef">־</seg><w lemma="1219" n="0.1.0" morph="HVqrmpa" id="31bmv">בֹּֽצְרִים֙</w>
          <w lemma="935" morph="HVqp3cp" id="31FV9">בָּ֣אוּ</w>
          <w lemma="l" n="0.1" morph="HR/Sp2fs" id="31Xm1">לָ֔/ךְ</w>
          <w lemma="i/3808" n="0.0" morph="HTi/Tn" id="31UE6">הֲ/ל֖וֹא</w>
          <w lemma="7604" morph="HVhi3mp" id="31goK">יַשְׁאִ֥ירוּ</w>
          <w lemma="5955" n="0" morph="HNcfpa" id="31CyH">עֹלֵלֽוֹת</w><seg type="x-sof-pasuq">׃</seg>
        </verse>
        <verse osisID="Obad.1.6">
          <w lemma="349 a" n="0.1.0" morph="HTi" id="31A4a">אֵ֚יךְ</w>
          <w lemma="2664" morph="HVNp3cp" id="315Pr">נֶחְפְּשׂ֣וּ</w>
          <w lemma="6215" n="0.1" morph="HNp" id="31L4k">עֵשָׂ֔ו</w>
          <w lemma="1158" n="0.0" morph="HVNp3cp" id="31Mnv">נִבְע֖וּ</w>
          <w lemma="4710" n="0" morph="HNcmpc/Sp3ms" id="31mwU">מַצְפֻּנָֽי/ו</w><seg type="x-sof-pasuq">׃</seg>
        </verse>
        <verse osisID="Obad.1.7">
          <w lemma="5704" morph="HR" id="31tKT">עַֽד</w><seg type="x-maqqef">־</seg><w lemma="d/1366" morph="HTd/Ncmsa" id="31NRT">הַ/גְּב֣וּל</w>
          <w lemma="7971" n="1.1.1" morph="HVpp3cp/Sp2ms" id="31sRU">שִׁלְּח֗וּ/ךָ</w>
          <w lemma="3605" n="1.1.0" morph="HNcmsc" id="31Wxq">כֹּ֚ל</w>
          <w lemma="376" morph="HNcmpc" id="319qY">אַנְשֵׁ֣י</w>
          <w lemma="1285" n="1.1" morph="HNcfsc/Sp2ms" id="31n5f">בְרִיתֶ֔/ךָ</w>
          <w lemma="5377" n="1.0.0" morph="HVhp3cp/Sp2ms" id="31YUq">הִשִּׁיא֛וּ/ךָ</w>
          <w lemma="3201" morph="HVqp3cp" id="31fQr">יָכְל֥וּ</w>
          <w lemma="l" n="1.0" morph="HR/Sp2ms" id="31L7t">לְ/ךָ֖</w>
          <w lemma="376" morph="HNcmpc" id="31A74">אַנְשֵׁ֣י</w>
          <w lemma="7965" n="1" morph="HNcmsc/Sp2ms" id="31dNE">שְׁלֹמֶ֑/ךָ</w>
          <w lemma="3899" n="0.1.1" morph="HNcbsc/Sp2ms" id="31xdF">לַחְמְ/ךָ֗</w>
          <w lemma="7760 a" morph="HVqi3mp" id="31AYg">יָשִׂ֤ימוּ</w>
          <w lemma="4204" n="0.1.0" morph="HNcmsa" id="31Ls9">מָזוֹר֙</w>
          <w lemma="8478" n="0.1" morph="HR/Sp2ms" id="31Snp">תַּחְתֶּ֔י/ךָ</w>
          <w lemma="369" morph="HTn" id="3187B">אֵ֥ין</w>
          <w lemma="8394" n="0.0" morph="HNcfsa" id="31nLp">תְּבוּנָ֖ה</w>
          <w lemma="b" n="0" morph="HR/Sp3ms" id="31PzC">בּֽ/וֹ</w><seg type="x-sof-pasuq">׃</seg>
        </verse>
        <verse osisID="Obad.1.8">
          <w lemma="i/3808" n="1.0.0" morph="HTi/Tn" id="31NPq">הֲ/ל֛וֹא</w>
          <w lemma="b/3117" morph="HRd/Ncmsa" id="31d5m">בַּ/יּ֥וֹם</w>
          <w lemma="d/1931" n="1.0" morph="HTd/Pp3ms" id="31BYa">הַ/ה֖וּא</w>
          <w lemma="5002" morph="HNcmsc" id="31LJh">נְאֻם</w><seg type="x-maqqef">־</seg><w lemma="3068" n="1" morph="HNp" id="31tRR">יְהוָ֑ה</w>
          <w lemma="c/6" morph="HC/Vhq1cs" id="31Q7E">וְ/הַאֲבַדְתִּ֤י</w>
          <w lemma="2450" n="0.1.0" morph="HAampa" id="31dv1">חֲכָמִים֙</w>
          <w lemma="m/123" n="0.1" morph="HR/Np" id="31QwM">מֵֽ/אֱד֔וֹם</w>
          <w lemma="c/8394" n="0.0" morph="HC/Ncfsa" id="31a62">וּ/תְבוּנָ֖ה</w>
          <w lemma="m/2022" morph="HR/Ncmsc" id="31KvD">מֵ/הַ֥ר</w>
          <w lemma="6215" n="0" morph="HNp" id="31GLz">עֵשָֽׂו</w><seg type="x-sof-pasuq">׃</seg>
        </verse>
        <verse osisID="Obad.1.9">
          <w lemma="c/2865" morph="HC/Vqq3cp" id="31BU7">וְ/חַתּ֥וּ</w>
          <w lemma="1368" n="1.0" morph="HAampc/Sp2ms" id="31iy2">גִבּוֹרֶ֖י/ךָ</w>
          <w lemma="8487" n="1" morph="HNp" id="31zQ2">תֵּימָ֑ן</w>
          <w lemma="4616" morph="HR" id="31Wxx">לְמַ֧עַן</w>
          <w lemma="3772" morph="HVNi3ms" id="31jQ8">יִכָּֽרֶת</w><seg type="x-maqqef">־</seg><w lemma="376" n="0.0.0" morph="HNcmsa" id="31Haa">אִ֛ישׁ</w>
          <w lemma="m/2022" morph="HR/Ncmsc" id="31fJN">מֵ/הַ֥ר</w>
          <w lemma="6215" n="0.0" morph="HNp" id="319KV">עֵשָׂ֖ו</w>
          <w lemma="m/6993" n="0" morph="HR/Ncmsa" id="31F1s">מִ/קָּֽטֶל</w><seg type="x-sof-pasuq">׃</seg>
        </verse>
        <verse osisID="Obad.1.10">
          <w lemma="m/2555" n="1.0.0" morph="HR/Ncmsc" id="31dns">מֵ/חֲמַ֛ס</w>
          <w lemma="251" morph="HNcmsc/Sp2ms" id="31GK3">אָחִ֥י/ךָ</w>
          <w lemma="3290" n="1.0" morph="HNp" id="31nRZ">יַעֲקֹ֖ב</w>
          <w lemma="3680" morph="HVpi3fs/Sp2ms" id="31cpb">תְּכַסְּ/ךָ֣</w>
          <w lemma="955" n="1" morph="HNcfsa" id="31zio">בוּשָׁ֑ה</w>
          <w lemma="c/3772" n="0.0" morph="HC/VNq2ms" id="31Qsh">וְ/נִכְרַ֖תָּ</w>
          <w lemma="l/5769" n="0" morph="HR/Ncmsa" id="31zTj">לְ/עוֹלָֽם</w><seg type="x-sof-pasuq">׃</seg>
        </verse>
        <verse osisID="Obad.1.11">
          <w lemma="b/3117" n="1.1.0" morph="HR/Ncmsc" id="31fPi">בְּ/יוֹם֙</w>
          <w lemma="5975" morph="HVqc/Sp2ms" id="31GYe">עֲמָֽדְ/ךָ֣</w>
          <w lemma="m/5048" n="1.1" morph="HR/R" id="31Bbz">מִ/נֶּ֔גֶד</w>
          <w lemma="b/3117" n="1.0.0" morph="HR/Ncmsc" id="31VA9">בְּ/י֛וֹם</w>
          <w lemma="7617" morph="HVqc" id="31fV3">שְׁב֥וֹת</w>
          <w lemma="2114 a" n="1.0" morph="HAampa" id="31Sov">זָרִ֖ים</w>
          <w lemma="2428" n="1" morph="HNcmsc/Sp3ms" id="31V27">חֵיל֑/וֹ</w>
          <w lemma="c/5237" n="0.1.1.0" morph="HC/Aampa" id="31ifp">וְ/נָכְרִ֞ים</w>
          <w lemma="935" morph="HVqp3cp" id="317ZG">בָּ֣אוּ</w>
          <w type="x-ketiv" lemma="8179" morph="HNcmsc/Sp3ms" id="31B2d">שער/ו</w><note type="variant"><catchWord>שער/ו</catchWord><rdg type="x-qere"><w lemma="8179" n="0.1.1" morph="HNcmpc/Sp3ms" id="31ewe">שְׁעָרָ֗י/ו</w></rdg></note>
          <w lemma="c/5921 a" morph="HC/R" id="31SV6">וְ/עַל</w><seg type="x-maqqef">־</seg><w lemma="3389" n="0.1.0" morph="HNp" id="31G83">יְרוּשָׁלִַ֨ם֙</w>
          <w lemma="3032" morph="HVqp3cp" id="31vzS">יַדּ֣וּ</w>
          <w lemma="1486" n="0.1" morph="HNcmsa" id="31Gq9">גוֹרָ֔ל</w>
          <w lemma="1571" morph="HTa" id="313y8">גַּם</w><seg type="x-maqqef">־</seg><w lemma="859 a" n="0.0" morph="HPp2ms" id="31TXw">אַתָּ֖ה</w>
          <w lemma="k/259" morph="HR/Acmsc" id="31Y4K">כְּ/אַחַ֥ד</w>
          <w lemma="m" n="0" morph="HR/Sp3mp" id="31C32">מֵ/הֶֽם</w><seg type="x-sof-pasuq">׃</seg>
        </verse>
        <verse osisID="Obad.1.12">
          <w lemma="c/408" morph="HC/Tn" id="31aMT">וְ/אַל</w><seg type="x-maqqef">־</seg><w lemma="7200" morph="HVqj2ms" id="31Cof">תֵּ֤רֶא</w>
          <w lemma="b/3117" morph="HR/Ncmsc" id="31YWU">בְ/יוֹם</w><seg type="x-maqqef">־</seg><w lemma="251" n="1.1.0" morph="HNcmsc/Sp2ms" id="31rAQ">אָחִ֨י/ךָ֙</w>
          <w lemma="b/3117" morph="HR/Ncmsc" id="31fLi">בְּ/י֣וֹם</w>
          <w lemma="5235" n="1.1" morph="HNcmsc/Sp3ms" id="31Ptj">נָכְר֔/וֹ</w>
          <w lemma="c/408" morph="HC/Tn" id="31AJj">וְ/אַל</w><seg type="x-maqqef">־</seg><w lemma="8055" morph="HVqj2ms" id="319Hv">תִּשְׂמַ֥ח</w>
          <w lemma="l/1121 a" morph="HR/Ncmpc" id="31j1i">לִ/בְנֵֽי</w><seg type="x-maqqef">־</seg><w lemma="3063" n="1.0" morph="HNp" id="31J9J">יְהוּדָ֖ה</w>
          <w lemma="b/3117" morph="HR/Ncmsc" id="31U4n">בְּ/י֣וֹם</w>
          <w lemma="6" n="1" morph="HVqc/Sp3mp" id="312Kt">אָבְדָ֑/ם</w>
          <w lemma="c/408" morph="HC/Tn" id="31RmH">וְ/אַל</w><seg type="x-maqqef">־</seg><w lemma="1431" morph="HVhj2ms" id="31SWL">תַּגְדֵּ֥ל</w>
          <w lemma="6310" n="0.0" morph="HNcmsc/Sp2ms" id="3175P">פִּ֖י/ךָ</w>
          <w lemma="b/3117" morph="HR/Ncmsc" id="313Lj">בְּ/י֥וֹם</w>
          <w lemma="6869 b" n="0" morph="HNcfsa" id="31Qa3">צָרָֽה</w><seg type="x-sof-pasuq">׃</seg>
        </verse>
        <verse osisID="Obad.1.13">
          <w lemma="408" morph="HTn" id="31WTe">אַל</w><seg type="x-maqqef">־</seg><w lemma="935" morph="HVqj2ms" id="316VM">תָּב֤וֹא</w>
          <w lemma="b/8179" morph="HR/Ncmsc" id="31sKn">בְ/שַֽׁעַר</w><seg type="x-maqqef">־</seg><w lemma="5971 a" n="1.1.0" morph="HNcmsc/Sp1cs" id="31oAj">עַמִּ/י֙</w>
          <w lemma="b/3117" morph="HR/Ncmsc" id="31AxB">בְּ/י֣וֹם</w>
          <w lemma="343" n="1.1" morph="HNcmsc/Sp3mp" id="31Ap3">אֵידָ֔/ם</w>
          <w lemma="408" morph="HTn" id="31CEu">אַל</w><seg type="x-maqqef">־</seg><w lemma="7200" morph="HVqj2ms" id="31zpy">תֵּ֧רֶא</w>
          <w lemma="1571" morph="HD" id="31FiN">גַם</w><seg type="x-maqqef">־</seg><w lemma="859 a" n="1.0.0" morph="HPp2ms" id="31cLk">אַתָּ֛ה</w>
          <w lemma="b/7451 c" n="1.0" morph="HR/Ncfsc/Sp3ms" id="3192v">בְּ/רָעָת֖/וֹ</w>
          <w lemma="b/3117" morph="HR/Ncmsc" id="31j63">בְּ/י֣וֹם</w>
          <w lemma="343" n="1" morph="HNcmsc/Sp3ms" id="31LFW">אֵיד֑/וֹ</w>
          <w lemma="c/408" morph="HC/Tn" id="31FbT">וְ/אַל</w><seg type="x-maqqef">־</seg><w lemma="7971" morph="HVqj2fp" id="31Bx7">תִּשְׁלַ֥חְנָה</w>
          <w lemma="b/2428" n="0.0" morph="HR/Ncmsc/Sp3ms" id="31btu">בְ/חֵיל֖/וֹ</w>
          <w lemma="b/3117" morph="HR/Ncmsc" id="31rTK">בְּ/י֥וֹם</w>
          <w lemma="343" n="0" morph="HNcmsc/Sp3ms" id="31SHw">אֵידֽ/וֹ</w><seg type="x-sof-pasuq">׃</seg>
        </verse>
        <verse osisID="Obad.1.14">
          <w lemma="c/408" morph="HC/Tn" id="31VuH">וְ/אַֽל</w><seg type="x-maqqef">־</seg><w lemma="5975" n="1.1.0" morph="HVqj2ms" id="31Axb">תַּעֲמֹד֙</w>
          <w lemma="5921 a" morph="HR" id="31xva">עַל</w><seg type="x-maqqef">־</seg><w lemma="d/6563" n="1.1" morph="HTd/Ncmsa" id="31NrT">הַ/פֶּ֔רֶק</w>
          <w lemma="l/3772" n="1.0" morph="HR/Vhc" id="31iAD">לְ/הַכְרִ֖ית</w>
          <w lemma="853" morph="HTo" id="31372">אֶת</w><seg type="x-maqqef">־</seg><w lemma="6412 a" n="1" morph="HNcmpc/Sp3ms" id="31FMU">פְּלִיטָ֑י/ו</w>
          <w lemma="c/408" morph="HC/Tn" id="31SaV">וְ/אַל</w><seg type="x-maqqef">־</seg><w lemma="5462" morph="HVhj2ms" id="314W9">תַּסְגֵּ֥ר</w>
          <w lemma="8300" n="0.0" morph="HNcmpc/Sp3ms" id="31MmM">שְׂרִידָ֖י/ו</w>
          <w lemma="b/3117" morph="HR/Ncmsc" id="31wJn">בְּ/י֥וֹם</w>
          <w lemma="6869 b" n="0" morph="HNcfsa" id="31CQo">צָרָֽה</w><seg type="x-sof-pasuq">׃</seg>
        </verse>
        <verse osisID="Obad.1.15">
          <w lemma="3588 a" morph="HC" id="31XyU">כִּֽי</w><seg type="x-maqqef">־</seg><w lemma="7138" morph="HAamsa" id="31BG4">קָר֥וֹב</w>
          <w lemma="3117" morph="HNcmsc" id="31YHH">יוֹם</w><seg type="x-maqqef">־</seg><w lemma="3068" n="1.0" morph="HNp" id="31sHf">יְהוָ֖ה</w>
          <w lemma="5921 a" morph="HR" id="31iee">עַל</w><seg type="x-maqqef">־</seg><w lemma="3605" morph="HNcmsc" id="313eS">כָּל</w><seg type="x-maqqef">־</seg><w lemma="d/1471 a" n="1" morph="HTd/Ncmpa" id="31ddd">הַ/גּוֹיִ֑ם</w>
          <w lemma="k/834 d" morph="HR/Tr" id="31hxo">כַּ/אֲשֶׁ֤ר</w>
          <w lemma="6213 a" n="0.1.0" morph="HVqp2ms" id="31TW6">עָשִׂ֨יתָ֙</w>
          <w lemma="6213 a" morph="HVNi3ms" id="31PVx">יֵעָ֣שֶׂה</w>
          <w lemma="l" n="0.1" morph="HR/Sp2fs" id="31PGK">לָּ֔/ךְ</w>
          <w lemma="1576" n="0.0" morph="HNcmsc/Sp2ms" id="31U4a">גְּמֻלְ/ךָ֖</w>
          <w lemma="7725" morph="HVqi3ms" id="31dSQ">יָשׁ֥וּב</w>
          <w lemma="b/7218 a" n="0" morph="HR/Ncmsc/Sp2ms" id="31Qbs">בְּ/רֹאשֶֽׁ/ךָ</w><seg type="x-sof-pasuq">׃</seg>
        </verse>
        <verse osisID="Obad.1.16">
          <w lemma="3588 a" n="1.1.1" morph="HC" id="31ndZ">כִּ֗י</w>
          <w lemma="k/834 d" morph="HR/Tr" id="31Xa1">כַּֽ/אֲשֶׁ֤ר</w>
          <w lemma="8354" n="1.1.0" morph="HVqp2mp" id="313yJ">שְׁתִיתֶם֙</w>
          <w lemma="5921 a" morph="HR" id="31B6c">עַל</w><seg type="x-maqqef">־</seg><w lemma="2022" morph="HNcmsc" id="31bju">הַ֣ר</w>
          <w lemma="6944" n="1.1" morph="HNcmsc/Sp1cs" id="31cn3">קָדְשִׁ֔/י</w>
          <w lemma="8354" morph="HVqi3mp" id="317mS">יִשְׁתּ֥וּ</w>
          <w lemma="3605" morph="HNcmsc" id="31dJe">כָֽל</w><seg type="x-maqqef">־</seg><w lemma="d/1471 a" n="1.0" morph="HTd/Ncmpa" id="31WvG">הַ/גּוֹיִ֖ם</w>
          <w lemma="8548" n="1" morph="HNcmsa" id="31RXg">תָּמִ֑יד</w>
          <w lemma="c/8354" morph="HC/Vqq3cp" id="31pqY">וְ/שָׁת֣וּ</w>
          <w lemma="c/3886 a" n="0.1" morph="HC/Vqq3cp" id="31n9v">וְ/לָע֔וּ</w>
          <w lemma="c/1961" n="0.0" morph="HC/Vqq3cp" id="31gYe">וְ/הָי֖וּ</w>
          <w lemma="k/3808" morph="HR/Tn" id="31eXj">כְּ/ל֥וֹא</w>
          <w lemma="1961" n="0" morph="HVqp3cp" id="318ro">הָיֽוּ</w><seg type="x-sof-pasuq">׃</seg>
        </verse>
        <verse osisID="Obad.1.17">
          <w lemma="c/b/2022" morph="HC/R/Ncmsc" id="31v5z">וּ/בְ/הַ֥ר</w>
          <w lemma="6726" n="1.0.0" morph="HNp" id="31bCC">צִיּ֛וֹן</w>
          <w lemma="1961" morph="HVqi3fs" id="316By">תִּהְיֶ֥ה</w>
          <w lemma="6413" n="1.0" morph="HNcfsa" id="31CZB">פְלֵיטָ֖ה</w>
          <w lemma="c/1961" morph="HC/Vqq3ms" id="31VTb">וְ/הָ֣יָה</w>
          <w lemma="6944" n="1" morph="HNcmsa" id="316qf">קֹ֑דֶשׁ</w>
          <w lemma="c/3423" n="0.1.0" morph="HC/Vqq3cp" id="31efz">וְ/יָֽרְשׁוּ֙</w>
          <w lemma="1004 b" morph="HNcmsc" id="31QG5">בֵּ֣ית</w>
          <w lemma="3290" n="0.1" morph="HNp" id="313k3">יַֽעֲקֹ֔ב</w>
          <w lemma="853" n="0.0" morph="HTo" id="311rL">אֵ֖ת</w>
          <w lemma="4180" n="0" morph="HNcmpc/Sp3mp" id="31W2c">מוֹרָֽשֵׁי/הֶם</w><seg type="x-sof-pasuq">׃</seg>
          <note n="U">We agree with both BHS 1997 and BHQ on an unexpected reading. </note>
        </verse>
        <verse osisID="Obad.1.18">
          <w lemma="c/1961" morph="HC/Vqq3ms" id="31mL3">וְ/הָיָה֩</w>
          <w lemma="1004 b" morph="HNcmsc" id="31zfc">בֵית</w><seg type="x-maqqef">־</seg><w lemma="3290" morph="HNp" id="31sYp">יַעֲקֹ֨ב</w>
          <w lemma="784" n="1.1.1.0" morph="HNcbsa" id="31GvF">אֵ֜שׁ</w>
          <w lemma="c/1004 b" morph="HC/Ncmsc" id="31dAC">וּ/בֵ֧ית</w>
          <w lemma="3130" morph="HNp" id="31i4W">יוֹסֵ֣ף</w>
          <w lemma="3852" n="1.1.1" morph="HNcfsa" id="31chR">לֶהָבָ֗ה</w>
          <w lemma="c/1004 b" morph="HC/Ncmsc" id="31Ddq">וּ/בֵ֤ית</w>
          <w lemma="6215" n="1.1.0" morph="HNp" id="31dSp">עֵשָׂו֙</w>
          <w lemma="l/7179" n="1.1" morph="HR/Ncmsa" id="31ecS">לְ/קַ֔שׁ</w>
          <w lemma="c/1814" morph="HC/Vqq3cp" id="312tG">וְ/דָלְק֥וּ</w>
          <w lemma="b" n="1.0" morph="HR/Sp3mp" id="31Xzm">בָ/הֶ֖ם</w>
          <w lemma="c/398" n="1" morph="HC/Vqq3cp/Sp3mp" id="31CCj">וַ/אֲכָל֑וּ/ם</w>
          <w lemma="c/3808" morph="HC/Tn" id="31gV8">וְ/לֹֽא</w><seg type="x-maqqef">־</seg><w lemma="1961" morph="HVqi3ms" id="31Czz">יִֽהְיֶ֤ה</w>
          <note n="C">We read one or more accents in L differently from BHQ. </note>
          <note n="c">We read one or more accents in L differently than BHS. Often this notation indicates a typographical error in BHS. </note>
          <w lemma="8300" n="0.1.0" morph="HNcmsa" id="31uXX">שָׂרִיד֙</w>
          <w lemma="l/1004 b" morph="HR/Ncmsc" id="31xCL">לְ/בֵ֣ית</w>
          <w lemma="6215" n="0.1" morph="HNp" id="31Qnr">עֵשָׂ֔ו</w>
          <w lemma="3588 a" morph="HC" id="316kU">כִּ֥י</w>
          <w lemma="3068" n="0.0" morph="HNp" id="31qry">יְהוָ֖ה</w>
          <w lemma="1696" n="0" morph="HVpp3ms" id="31bvP">דִּבֵּֽר</w><seg type="x-sof-pasuq">׃</seg>
        </verse>
        <verse osisID="Obad.1.19">
          <w lemma="c/3423" morph="HC/Vqq3cp" id="31wjj">וְ/יָרְשׁ֨וּ</w>
          <w lemma="d/5045" n="1.2.1.0" morph="HTd/Ncmsa" id="31Tn7">הַ/נֶּ֜גֶב</w>
          <w lemma="853" morph="HTo" id="31hEs">אֶת</w><seg type="x-maqqef">־</seg><w lemma="2022" morph="HNcmsc" id="31xAF">הַ֣ר</w>
          <w lemma="6215" n="1.2.1" morph="HNp" id="31qg1">עֵשָׂ֗ו</w>
          <w lemma="c/d/8219" n="1.2.0" morph="HC/Td/Ncfsa" id="316w9">וְ/הַ/שְּׁפֵלָה֙</w>
          <w lemma="853" morph="HTo" id="31wA4">אֶת</w><seg type="x-maqqef">־</seg><w lemma="6430" n="1.2" morph="HNgmpa" id="31ibe">פְּלִשְׁתִּ֔ים</w>
          <w lemma="c/3423" n="1.1.0" morph="HC/Vqq3cp" id="31v8V">וְ/יָרְשׁוּ֙</w>
          <w lemma="853" morph="HTo" id="31T2S">אֶת</w><seg type="x-maqqef">־</seg><w lemma="7704 b" morph="HNcmsc" id="31tkJ">שְׂדֵ֣ה</w>
          <w lemma="669" n="1.1" morph="HNp" id="31EXL">אֶפְרַ֔יִם</w>
          <w lemma="c/853" n="1.0" morph="HC/To" id="31ZPN">וְ/אֵ֖ת</w>
          <w lemma="7704 b" morph="HNcmsc" id="31q1G">שְׂדֵ֣ה</w>
          <w lemma="8111" n="1" morph="HNp" id="31bYD">שֹׁמְר֑וֹן</w>
          <w lemma="c/1144" n="0.0" morph="HC/Np" id="31v2F">וּ/בִנְיָמִ֖ן</w>
          <w lemma="853" morph="HTo" id="317vt">אֶת</w><seg type="x-maqqef">־</seg><w lemma="d/1568" n="0" morph="HTd/Np" id="31kDm">הַ/גִּלְעָֽד</w><seg type="x-sof-pasuq">׃</seg>
        </verse>
        <verse osisID="Obad.1.20">
          <w lemma="c/1546" morph="HC/Ncfsc" id="31doW">וְ/גָלֻ֣ת</w>
          <w lemma="d/2426" morph="HTd/Ncmsa" id="31eRa">הַֽ/חֵל</w><seg type="x-maqqef">־</seg><w lemma="d/2088" n="1.1.0.0" morph="HTd/Pdxms" id="31kDf">הַ֠/זֶּה</w>
          <w lemma="l/1121 a" morph="HR/Ncmpc" id="3163G">לִ/בְנֵ֨י</w>
          <w lemma="3478" morph="HNp" id="31WPn">יִשְׂרָאֵ֤ל</w>
          <w lemma="834 a" morph="HTr" id="311jv">אֲשֶֽׁר</w><seg type="x-maqqef">־</seg><w lemma="3669 a" n="1.1.0" morph="HNgmpa" id="31cK8">כְּנַעֲנִים֙</w>
          <w lemma="5704" morph="HR" id="31DDb">עַד</w><seg type="x-maqqef">־</seg><w lemma="6886" n="1.1" morph="HNp" id="31RCg">צָ֣רְפַ֔ת</w>
          <w lemma="c/1546" morph="HC/Ncfsc" id="315KE">וְ/גָלֻ֥ת</w>
          <w lemma="3389" n="1.0" morph="HNp" id="31qVd">יְרוּשָׁלִַ֖ם</w>
          <w lemma="834 a" morph="HTr" id="31koG">אֲשֶׁ֣ר</w>
          <w lemma="b/5614" n="1" morph="HR/Np" id="31e6B">בִּ/סְפָרַ֑ד</w>
          <w lemma="3423" n="0.1" morph="HVqi3mp" id="318GY">יִֽרְשׁ֕וּ</w>
          <w lemma="853" n="0.0" morph="HTo" id="31GpK">אֵ֖ת</w>
          <w lemma="5892 b" morph="HNcfpc" id="3168C">עָרֵ֥י</w>
          <w lemma="d/5045" n="0" morph="HTd/Ncmsa" id="31CMz">הַ/נֶּֽגֶב</w><seg type="x-sof-pasuq">׃</seg>
        </verse>
        <verse osisID="Obad.1.21">
          <w lemma="c/5927" morph="HC/Vqq3cp" id="31D4c">וְ/עָל֤וּ</w>
          <w lemma="3467" n="1.1.0" morph="HVhrmpa" id="31ta1">מֽוֹשִׁעִים֙</w>
          <w lemma="b/2022" morph="HR/Ncmsc" id="31JnD">בְּ/הַ֣ר</w>
          <w lemma="6726" n="1.1" morph="HNp" id="31jfz">צִיּ֔וֹן</w>
          <w lemma="l/8199" n="1.0" morph="HR/Vqc" id="31ErQ">לִ/שְׁפֹּ֖ט</w>
          <w lemma="853" morph="HTo" id="314fv">אֶת</w><seg type="x-maqqef">־</seg><w lemma="2022" morph="HNcmsc" id="31yDv">הַ֣ר</w>
          <w lemma="6215" n="1" morph="HNp" id="31jyT">עֵשָׂ֑ו</w>
          <w lemma="c/1961" morph="HC/Vqq3fs" id="31Unh">וְ/הָיְתָ֥ה</w>
          <w lemma="l/3068" n="0.0" morph="HR/Np" id="31QH2">לַֽ/יהוָ֖ה</w>
          <w lemma="d/4410" n="0" morph="HTd/Ncfsa" id="31xxn">הַ/מְּלוּכָֽה</w><seg type="x-sof-pasuq">׃</seg>
        </verse>
      </chapter>
    </div>
  </osisText>
</osis>