<?xml version="1.0" encoding="UTF-8"?>
<osis xmlns="http://www.bibletechnologies.net/2003/OSIS/namespace" xmlns:xsi="http://www.w3.org/2001/XMLSchema-instance" xsi:schemaLocation="http://www.bibletechnologies.net/2003/OSIS/namespace http://www.bibletechnologies.net/osisCore.2.1.1.xsd">
  <osisText xml:lang="he" osisIDWork="OSHB" osisRefWork="Bible">
    <header>
      <revisionDesc resp="dt">
        <date>2018.1.5</date>
        <p>Release of full morphology</p>
      </revisionDesc>
      <revisionDesc resp="dt">
        <date>2016.03.03</date>
        <p>Updated to WLC version 4.20.</p>
      </revisionDesc>
      <revisionDesc resp="dt">
        <date>2013.12.11</date>
        <p>First release of morphology on selected portions.</p>
      </revisionDesc>
      <revisionDesc resp="dt">
        <date>2013.07.10</date>
        <p>Updated to WLC version 4.18.</p>
      </revisionDesc>
      <revisionDesc resp="dt">
        <date>2012.07.18</date>
        <p>Updated to WLC version 4.16.</p>
      </revisionDesc>
      <revisionDesc resp="dt">
        <date>2011.01.21</date>
        <p>Updated to WLC version 4.14.</p>
      </revisionDesc>
      <revisionDesc resp="dt">
        <date>2008.08.08</date>
        <p>Convert the Westminster Leningrad Codex files from TEI markup to OSIS book files.</p>
      </revisionDesc>
      <work osisWork="OSHB" xml:lang="he">
        <title>Open Scriptures Hebrew Bible</title>
        <contributor role="edt">Daniel Owens</contributor>
        <contributor role="edt">David Troidl</contributor>
        <date>2007.9.16</date>
        <identifier type="URL">https://github.com/openscriptures/morphhb</identifier>
        <rights type="x-BY">Creative Commons Attribution 4.0</rights>
        <refSystem>Bible.MT</refSystem>
      </work>
      <work osisWork="WLC" xml:lang="he">
        <title>Westminster Leningrad Codex</title>
        <contributor role="edt">Christopher V. Kimball</contributor>
        <date>2007.9.16</date>
        <identifier type="URL">http://www.tanach.us/Tanach.xml</identifier>
        <rights>Public Domain</rights>
        <refSystem>Bible.MT</refSystem>
      </work>
      <work osisWork="BHS" xml:lang="he">
        <title>BHS unaccented with Strongs</title>
        <contributor role="edt">Joseph Planeta</contributor>
        <contributor role="edt">Rev. Graham Nind</contributor>
        <description>Unaccented Biblia Hebraica Stuttgartensia Hebrew with Strong's numbers by Rev. Graham.</description>
        <identifier type="URL">http://www.faithofgod.net/</identifier>
        <identifier type="URL">http://www.grahamnind.dsl.pipex.com/files</identifier>
        <rights>Public Domain</rights>
      </work>
      <work osisWork="Strong" xml:lang="en">
        <title>A Concise Dictionary of the Words in the Hebrew Bible</title>
        <title type="sub">with their Renderings in the King James Version</title>
        <contributor role="edt">David Troidl</contributor>
        <contributor role="edt">David Instone-Brewer</contributor>
        <creator role="edt">James Strong, LL.D., S.T.D.</creator>
        <date>1894</date>
        <description resp="dib">The data came from several PD sources which were full of errors. I cleaned them by comparing them to each other and (where necessary) looking at the original.</description>
        <publisher>Hunt &amp; Eaton</publisher>
        <identifier type="URL">www.2LetterLookup.com</identifier>
        <source>The exhaustive concordance of the Bible:</source>
        <rights>Public Domain</rights>
        <refSystem>Dict.Strongs</refSystem>
      </work>
      <work osisWork="OSHM" xml:lang="en">
        <title>Open Scriptures Hebrew Morphology</title>
        <contributor role="ctb">Chapel Presson</contributor>
        <contributor role="ctb">Daniel Owens</contributor>
        <contributor role="ctb">David Troidl</contributor>
        <contributor role="ctb">Jesse Griffin</contributor>
        <contributor role="ctb">Andy Hubert</contributor>
        <contributor role="ctb">Angela Westmoreland</contributor>
        <contributor role="ctb">Grant Ailie</contributor>
        <contributor role="ctb">Joel Ruark</contributor>
        <contributor role="ctb">Kenny Hilliard</contributor>
        <contributor role="ctb">Luong Hao Tran</contributor>
        <contributor role="ctb">Nathan Wilson</contributor>
        <contributor role="ctb">Ryan Davis</contributor>
        <contributor role="ctb">Aaron Laws</contributor>
        <contributor role="ctb">Adam Nagelvoort</contributor>
        <contributor role="ctb">Adriel Ickler</contributor>
        <contributor role="ctb">Agus Santoso</contributor>
        <contributor role="ctb">Andy Hophd</contributor>
        <contributor role="ctb">Angelo Salais</contributor>
        <contributor role="ctb">Annie Jeong</contributor>
        <contributor role="ctb">Ariel Tidre Ferreira</contributor>
        <contributor role="ctb">Artsiom Vorsa</contributor>
        <contributor role="ctb">artyom vorsa</contributor>
        <contributor role="ctb">Ashley Whitlatch</contributor>
        <contributor role="ctb">Austen Dutton</contributor>
        <contributor role="ctb">Barry Smith</contributor>
        <contributor role="ctb">Ben Dwyer</contributor>
        <contributor role="ctb">Ben Wulpi</contributor>
        <contributor role="ctb">Benjamin Epstein</contributor>
        <contributor role="ctb">Bill Chaffin</contributor>
        <contributor role="ctb">Braxton Bogard</contributor>
        <contributor role="ctb">Bret Stewart</contributor>
        <contributor role="ctb">Bruce Taylor</contributor>
        <contributor role="ctb">Bryant Huang</contributor>
        <contributor role="ctb">Caleb Maclennan</contributor>
        <contributor role="ctb">chad buel</contributor>
        <contributor role="ctb">Chase Parkey</contributor>
        <contributor role="ctb">Cheryl Riddell</contributor>
        <contributor role="ctb">Chris McKirgan</contributor>
        <contributor role="ctb">Christof  Bucherer</contributor>
        <contributor role="ctb">ciro izzo</contributor>
        <contributor role="ctb">Clemens Gudenus</contributor>
        <contributor role="ctb">Cody Kingham</contributor>
        <contributor role="ctb">Cody Marceau</contributor>
        <contributor role="ctb">Collin Hatcher</contributor>
        <contributor role="ctb">Connie Andrews</contributor>
        <contributor role="ctb">Damien Riegel</contributor>
        <contributor role="ctb">Dan Simmons</contributor>
        <contributor role="ctb">Daniel Bowman</contributor>
        <contributor role="ctb">Danielle Pamela</contributor>
        <contributor role="ctb">Darla Nine</contributor>
        <contributor role="ctb">Darrell Smith</contributor>
        <contributor role="ctb">Dave Jones</contributor>
        <contributor role="ctb">Dave Whitman</contributor>
        <contributor role="ctb">David Carr</contributor>
        <contributor role="ctb">David Cohen</contributor>
        <contributor role="ctb">David Laycock</contributor>
        <contributor role="ctb">David Lewis</contributor>
        <contributor role="ctb">David Roth</contributor>
        <contributor role="ctb">David Uhrik</contributor>
        <contributor role="ctb">Diana Zhang</contributor>
        <contributor role="ctb">Diego Chaves</contributor>
        <contributor role="ctb">Dmitriy Kashelevskiy</contributor>
        <contributor role="ctb">doug hendren</contributor>
        <contributor role="ctb">Eddy Yates</contributor>
        <contributor role="ctb">Edgar Vorsa</contributor>
        <contributor role="ctb">Eduardo Martorano</contributor>
        <contributor role="ctb">Eiichi  Masuda </contributor>
        <contributor role="ctb">Eliezer Abreu</contributor>
        <contributor role="ctb">Eric Wong</contributor>
        <contributor role="ctb">Esther Dang</contributor>
        <contributor role="ctb">Ferenczi Kristof</contributor>
        <contributor role="ctb">Flavio Souza</contributor>
        <contributor role="ctb">Frederick Edelstein</contributor>
        <contributor role="ctb">Gantumur Luvsangombo</contributor>
        <contributor role="ctb">Gary Rickman</contributor>
        <contributor role="ctb">Geert Kok</contributor>
        <contributor role="ctb">Gerald Broadbent</contributor>
        <contributor role="ctb">Gergely Juhasz</contributor>
        <contributor role="ctb">Giancarlos Toro</contributor>
        <contributor role="ctb">Greg Walton</contributor>
        <contributor role="ctb">Hamidreza Hatamikasavand</contributor>
        <contributor role="ctb">Hector Molano</contributor>
        <contributor role="ctb">Hermanus Taute</contributor>
        <contributor role="ctb">hermon chan</contributor>
        <contributor role="ctb">Hyman Robles</contributor>
        <contributor role="ctb">Hyunsoo Yang</contributor>
        <contributor role="ctb">inhyuk lee</contributor>
        <contributor role="ctb">Israel Andrade</contributor>
        <contributor role="ctb">Israel Ruiz</contributor>
        <contributor role="ctb">Jack Weinbender</contributor>
        <contributor role="ctb">JaiHee Kwak</contributor>
        <contributor role="ctb">James Bejon</contributor>
        <contributor role="ctb">James Castell</contributor>
        <contributor role="ctb">James Cuenod</contributor>
        <contributor role="ctb">James Duguid</contributor>
        <contributor role="ctb">Jean veran</contributor>
        <contributor role="ctb">JeanJacques KRIEF</contributor>
        <contributor role="ctb">Jeff Goo</contributor>
        <contributor role="ctb">Jeong Jae Yoo</contributor>
        <contributor role="ctb">Jeremiah Myers</contributor>
        <contributor role="ctb">Jeremy Bullard</contributor>
        <contributor role="ctb">jessica jones</contributor>
        <contributor role="ctb">Jiri Richter</contributor>
        <contributor role="ctb">Joao Luis Fedel Goncalves</contributor>
        <contributor role="ctb">Joel Peeters</contributor>
        <contributor role="ctb">Joel Rubin</contributor>
        <contributor role="ctb">john knightley</contributor>
        <contributor role="ctb">John Mellison</contributor>
        <contributor role="ctb">John Studebaker</contributor>
        <contributor role="ctb">jonatas margiotta</contributor>
        <contributor role="ctb">Jonathan Walsh</contributor>
        <contributor role="ctb">jony clynn</contributor>
        <contributor role="ctb">Jose Martinez</contributor>
        <contributor role="ctb">joseph lee</contributor>
        <contributor role="ctb">Joseph Li</contributor>
        <contributor role="ctb">Joseph MICHEL</contributor>
        <contributor role="ctb">Judy Hendren</contributor>
        <contributor role="ctb">Julia Tang</contributor>
        <contributor role="ctb">Justin So</contributor>
        <contributor role="ctb">Juswaldy Jusman</contributor>
        <contributor role="ctb">Kap Soo LEE</contributor>
        <contributor role="ctb">Kara Bohall</contributor>
        <contributor role="ctb">Karel Jongeling</contributor>
        <contributor role="ctb">Kathy Scott</contributor>
        <contributor role="ctb">Keanan Bovie</contributor>
        <contributor role="ctb">Keith Hanson</contributor>
        <contributor role="ctb">Keith Kresge</contributor>
        <contributor role="ctb">Kevin Andersson</contributor>
        <contributor role="ctb">Kevin Johanson</contributor>
        <contributor role="ctb">Kevin Townsend</contributor>
        <contributor role="ctb">Kiriana Kingston</contributor>
        <contributor role="ctb">Laurentiu Gabriel Ionescu</contributor>
        <contributor role="ctb">LEE Arrington</contributor>
        <contributor role="ctb">Lee Bruckner</contributor>
        <contributor role="ctb">Len Clark</contributor>
        <contributor role="ctb">Leng Xiong</contributor>
        <contributor role="ctb">LENO VICTOR DE SANTANA</contributor>
        <contributor role="ctb">libor neuman</contributor>
        <contributor role="ctb">lisa lisa</contributor>
        <contributor role="ctb">M Cecil Dietz</contributor>
        <contributor role="ctb">Malkalain Greenwell</contributor>
        <contributor role="ctb">Marc Cordova</contributor>
        <contributor role="ctb">Marfeal Santiago</contributor>
        <contributor role="ctb">Marianne Szpilka</contributor>
        <contributor role="ctb">Martin Daly</contributor>
        <contributor role="ctb">Matan Bino</contributor>
        <contributor role="ctb">Matthew Schug</contributor>
        <contributor role="ctb">Max Pilo</contributor>
        <contributor role="ctb">Micahel Leong</contributor>
        <contributor role="ctb">Michael Fenn</contributor>
        <contributor role="ctb">Michael Nicholson</contributor>
        <contributor role="ctb">Miguel SANTOS</contributor>
        <contributor role="ctb">Mike Brown</contributor>
        <contributor role="ctb">mike fenn</contributor>
        <contributor role="ctb">mirlande amazan</contributor>
        <contributor role="ctb">Moongui Ulbrich</contributor>
        <contributor role="ctb">Napoleon Gasilan</contributor>
        <contributor role="ctb">Natashia Roy</contributor>
        <contributor role="ctb">Nathan Bierma</contributor>
        <contributor role="ctb">Nathan Lee</contributor>
        <contributor role="ctb">Nathan Wilson</contributor>
        <contributor role="ctb">Neil Cadman</contributor>
        <contributor role="ctb">Okyob Jeon</contributor>
        <contributor role="ctb">omer omer</contributor>
        <contributor role="ctb">Onur Yos</contributor>
        <contributor role="ctb">Paul Cook</contributor>
        <contributor role="ctb">Pete Myers</contributor>
        <contributor role="ctb">pete Norcross</contributor>
        <contributor role="ctb">Peter Erdodi</contributor>
        <contributor role="ctb">Peter Ho</contributor>
        <contributor role="ctb">peter zimonyi</contributor>
        <contributor role="ctb">Petr Miencil</contributor>
        <contributor role="ctb">Petr Vejmelka</contributor>
        <contributor role="ctb">phyl ma</contributor>
        <contributor role="ctb">ralph zak</contributor>
        <contributor role="ctb">Ramos Simanjuntak</contributor>
        <contributor role="ctb">Rebeca Martinez</contributor>
        <contributor role="ctb">Regina Hong</contributor>
        <contributor role="ctb">Rendhi Vianirio</contributor>
        <contributor role="ctb">Ricardo  Luiz Pinto</contributor>
        <contributor role="ctb">Richard Baker</contributor>
        <contributor role="ctb">Robert Berger</contributor>
        <contributor role="ctb">Robert Holmstedt</contributor>
        <contributor role="ctb">robert saunders</contributor>
        <contributor role="ctb">Roberta Potgieter</contributor>
        <contributor role="ctb">rocket fortyfive</contributor>
        <contributor role="ctb">Rodrigo Castro</contributor>
        <contributor role="ctb">Ross Tenneson</contributor>
        <contributor role="ctb">Ruairidh MacLean</contributor>
        <contributor role="ctb">Ruben Kraiem</contributor>
        <contributor role="ctb">Sebastien GOEURY</contributor>
        <contributor role="ctb">Shane Pimental</contributor>
        <contributor role="ctb">Sharon Hamel</contributor>
        <contributor role="ctb">Shawn Goodwin</contributor>
        <contributor role="ctb">shukai cheung</contributor>
        <contributor role="ctb">Siew GuoFen</contributor>
        <contributor role="ctb">silas army</contributor>
        <contributor role="ctb">Simon Pan</contributor>
        <contributor role="ctb">Sir Robert Burbridge</contributor>
        <contributor role="ctb">Soliman Hanna</contributor>
        <contributor role="ctb">Spyros Karalis</contributor>
        <contributor role="ctb">Stephen Durkee</contributor>
        <contributor role="ctb">Steve Beukema</contributor>
        <contributor role="ctb">SunGyo Kim</contributor>
        <contributor role="ctb">Talia  Smith</contributor>
        <contributor role="ctb">Thien Tran</contributor>
        <contributor role="ctb">Thierry Tchiakpe</contributor>
        <contributor role="ctb">tiago thorlby</contributor>
        <contributor role="ctb">Timothy Keiderling</contributor>
        <contributor role="ctb">timothy yeh</contributor>
        <contributor role="ctb">Todd Patterson</contributor>
        <contributor role="ctb">Toe Set</contributor>
        <contributor role="ctb">Tomas Uher</contributor>
        <contributor role="ctb">Troy Nelson</contributor>
        <contributor role="ctb">uriel arevalo</contributor>
        <contributor role="ctb">Vanda Bayer</contributor>
        <contributor role="ctb">Vladimir Polyanskia</contributor>
        <contributor role="ctb">w s</contributor>
        <contributor role="ctb">Wally Kimball</contributor>
        <contributor role="ctb">walt seevers</contributor>
        <contributor role="ctb">Wattanavadee Jitpakdee</contributor>
        <contributor role="ctb">Wayne Buchanan</contributor>
        <contributor role="ctb">Wellington Machado</contributor>
        <contributor role="ctb">Wendy Kwan</contributor>
        <contributor role="ctb">Wesley Walker</contributor>
        <contributor role="ctb">William Pak</contributor>
        <contributor role="ctb">william stewart</contributor>
        <contributor role="ctb">Xi Li</contributor>
        <contributor role="ctb">yasu shimizu</contributor>
        <contributor role="ctb">Yoo sung  Chang</contributor>
        <contributor role="ctb">zac rigsby</contributor>
        <contributor role="ctb">Zack Vera</contributor>
        <contributor role="ctb">zhishi Lin</contributor>
        <contributor role="ctb">Zsolt Jarai</contributor>
        <creator role="edt">Open Scriptures Hebrew Bible Project</creator>
        <date>2019.1.13</date>
        <identifier type="URL">https://github.com/openscriptures/morphhb</identifier>
        <rights type="x-BY">Creative Commons Attribution 4.0</rights>
        <refSystem>Dict.oshm</refSystem>
      </work>
      <workPrefix path="//w/@lemma" osisWork="Strong"/>
      <workPrefix path="//w/@morph" osisWork="OSHM"/>
    </header>
    <div type="book" osisID="Zeph">
      <chapter osisID="Zeph.1">
        <verse osisID="Zeph.1.1">
          <w lemma="1697" morph="HNcmsc" id="36xeN">דְּבַר</w><seg type="x-maqqef">־</seg><w lemma="3068" n="1.1.1.0" morph="HNp" id="36Nvk">יְהוָ֣ה</w>
          <seg type="x-paseq">׀</seg>
          <w lemma="834 a" morph="HTr" id="36TyA">אֲשֶׁ֣ר</w>
          <w lemma="1961" n="1.1.1" morph="HVqp3ms" id="36vuQ">הָיָ֗ה</w>
          <w lemma="413" morph="HR" id="36TSc">אֶל</w><seg type="x-maqqef">־</seg><w lemma="6846" n="1.1.0" morph="HNp" id="36k5P">צְפַנְיָה֙</w>
          <w lemma="1121 a" morph="HNcmsc" id="36nPh">בֶּן</w><seg type="x-maqqef">־</seg><w lemma="3570" morph="HNp" id="36LN3">כּוּשִׁ֣י</w>
          <w lemma="1121 a" morph="HNcmsc" id="36Qzf">בֶן</w><seg type="x-maqqef">־</seg><w lemma="1436 a" n="1.1" morph="HNp" id="36aPd">גְּדַלְיָ֔ה</w>
          <w lemma="1121 a" morph="HNcmsc" id="36eYX">בֶּן</w><seg type="x-maqqef">־</seg><w lemma="568" n="1.0" morph="HNp" id="36C5U">אֲמַרְיָ֖ה</w>
          <w lemma="1121 a" morph="HNcmsc" id="36qNN">בֶּן</w><seg type="x-maqqef">־</seg><w lemma="2396" n="1" morph="HNp" id="36EVS">חִזְקִיָּ֑ה</w>
          <w lemma="b/3117" n="0.0.0" morph="HR/Ncmpc" id="36PB6">בִּ/ימֵ֛י</w>
          <w lemma="2977" morph="HNp" id="3637c">יֹאשִׁיָּ֥הוּ</w>
          <w lemma="1121 a" morph="HNcmsc" id="36x9c">בֶן</w><seg type="x-maqqef">־</seg><w lemma="526" n="0.0" morph="HNp" id="36yNB">אָמ֖וֹן</w>
          <w lemma="4428" morph="HNcmsc" id="3629t">מֶ֥לֶךְ</w>
          <w lemma="3063" n="0" morph="HNp" id="36KZG">יְהוּדָֽה</w><seg type="x-sof-pasuq">׃</seg>
        </verse>
        <verse osisID="Zeph.1.2">
          <w lemma="622" morph="HVqa" id="36TZE">אָסֹ֨ף</w>
          <w lemma="5486" n="0.0.1.0" morph="HVhi1cs" id="36thY">אָסֵ֜ף</w>
          <w lemma="3605" n="0.0.1" morph="HNcmsa" id="36JM7">כֹּ֗ל</w>
          <w lemma="m/5921 a" n="0.0.0" morph="HR/R" id="36fpo">מֵ/עַ֛ל</w>
          <w lemma="6440" morph="HNcbpc" id="36W26">פְּנֵ֥י</w>
          <w lemma="d/127" n="0.0" morph="HTd/Ncfsa" id="36yw4">הָ/אֲדָמָ֖ה</w>
          <w lemma="5002" morph="HNcmsc" id="36jbg">נְאֻם</w><seg type="x-maqqef">־</seg><w lemma="3068" n="0" morph="HNp" id="36USR">יְהוָֽה</w><seg type="x-sof-pasuq">׃</seg>
        </verse>
        <verse osisID="Zeph.1.3">
          <w lemma="622" morph="HVhi1cs" id="36v6U">אָסֵ֨ף</w>
          <w lemma="120" n="1.1.1.0" morph="HNcmsa" id="365SS">אָדָ֜ם</w>
          <w lemma="c/929" n="1.1.1" morph="HC/Ncfsa" id="36GzE">וּ/בְהֵמָ֗ה</w>
          <w lemma="622" morph="HVhi1cs" id="36qCU">אָסֵ֤ף</w>
          <w lemma="5775" morph="HNcmsc" id="36g2y">עוֹף</w><seg type="x-maqqef">־</seg><w lemma="d/8064" n="1.1.0" morph="HTd/Ncmpa" id="36jQb">הַ/שָּׁמַ֨יִם֙</w>
          <w lemma="c/1709" morph="HC/Ncmpc" id="36794">וּ/דְגֵ֣י</w>
          <w lemma="d/3220" n="1.1" morph="HTd/Ncmsa" id="36CsU">הַ/יָּ֔ם</w>
          <w lemma="c/d/4384" n="1.0" morph="HC/Td/Ncfpa" id="36XR4">וְ/הַ/מַּכְשֵׁל֖וֹת</w>
          <w lemma="854" morph="HR" id="36KvS">אֶת</w><seg type="x-maqqef">־</seg><w lemma="d/7563" n="1" morph="HTd/Aampa" id="36dBc">הָ/רְשָׁעִ֑ים</w>
          <w lemma="c/3772" morph="HC/Vhq1cs" id="36nAB">וְ/הִכְרַתִּ֣י</w>
          <w lemma="853" morph="HTo" id="36kfX">אֶת</w><seg type="x-maqqef">־</seg><w lemma="d/120" n="0.0.1" morph="HTd/Ncmsa" id="36Wkf">הָ/אָדָ֗ם</w>
          <w lemma="m/5921 a" n="0.0.0" morph="HR/R" id="36wrL">מֵ/עַ֛ל</w>
          <w lemma="6440" morph="HNcbpc" id="363TL">פְּנֵ֥י</w>
          <w lemma="d/127" n="0.0" morph="HTd/Ncfsa" id="36LeN">הָ/אֲדָמָ֖ה</w>
          <w lemma="5002" morph="HNcmsc" id="36sMn">נְאֻם</w><seg type="x-maqqef">־</seg><w lemma="3068" n="0" morph="HNp" id="36Y3z">יְהוָֽה</w><seg type="x-sof-pasuq">׃</seg>
        </verse>
        <verse osisID="Zeph.1.4">
          <w lemma="c/5186" morph="HC/Vqq1cs" id="36NQN">וְ/נָטִ֤יתִי</w>
          <w lemma="3027" n="1.1.0" morph="HNcbsc/Sp1cs" id="36uLf">יָדִ/י֙</w>
          <w lemma="5921 a" morph="HR" id="36kA7">עַל</w><seg type="x-maqqef">־</seg><w lemma="3063" n="1.1" morph="HNp" id="363TS">יְהוּדָ֔ה</w>
          <w lemma="c/5921 a" n="1.0" morph="HC/R" id="36NFp">וְ/עַ֖ל</w>
          <w lemma="3605" morph="HNcmsc" id="367am">כָּל</w><seg type="x-maqqef">־</seg><w lemma="3427" morph="HVqrmpc" id="36hh7">יוֹשְׁבֵ֣י</w>
          <w lemma="3389" n="1" morph="HNp" id="36BsK">יְרוּשָׁלִָ֑ם</w>
          <w lemma="c/3772" n="0.1.0.0" morph="HC/Vhq1cs" id="36fsu">וְ/הִכְרַתִּ֞י</w>
          <w lemma="4480 a" morph="HR" id="368M6">מִן</w><seg type="x-maqqef">־</seg><w lemma="d/4725" morph="HTd/Ncmsa" id="36wM5">הַ/מָּק֤וֹם</w>
          <w lemma="d/2088" n="0.1.0" morph="HTd/Pdxms" id="36qty">הַ/זֶּה֙</w>
          <w lemma="853" morph="HTo" id="365gQ">אֶת</w><seg type="x-maqqef">־</seg><w lemma="7605" morph="HNcmsc" id="36Xw6">שְׁאָ֣ר</w>
          <w lemma="d/1168 a" n="0.1" morph="HTd/Np" id="36eHJ">הַ/בַּ֔עַל</w>
          <w lemma="853" morph="HTo" id="36H6L">אֶת</w><seg type="x-maqqef">־</seg><w lemma="8034" morph="HNcmsc" id="36bmv">שֵׁ֥ם</w>
          <w lemma="d/3649" n="0.0" morph="HTd/Ncmpa" id="36FV9">הַ/כְּמָרִ֖ים</w>
          <w lemma="5973 a" morph="HR" id="36Xm1">עִם</w><seg type="x-maqqef">־</seg><w lemma="d/3548" n="0" morph="HTd/Ncmpa" id="36UE6">הַ/כֹּהֲנִֽים</w><seg type="x-sof-pasuq">׃</seg>
        </verse>
        <verse osisID="Zeph.1.5">
          <w lemma="c/853" morph="HC/To" id="36goK">וְ/אֶת</w><seg type="x-maqqef">־</seg><w lemma="d/7812" morph="HTd/Vvrmpa" id="36CyH">הַ/מִּשְׁתַּחֲוִ֥ים</w>
          <w lemma="5921 a" morph="HR" id="36A4a">עַל</w><seg type="x-maqqef">־</seg><w lemma="d/1406" n="1.0" morph="HTd/Ncmpa" id="365Pr">הַ/גַּגּ֖וֹת</w>
          <w lemma="l/6635 a" morph="HR/Ncbsc" id="36L4k">לִ/צְבָ֣א</w>
          <w lemma="d/8064" n="1" morph="HTd/Ncmpa" id="36Mnv">הַ/שָּׁמָ֑יִם</w>
          <w lemma="c/853" morph="HC/To" id="36mwU">וְ/אֶת</w><seg type="x-maqqef">־</seg><w lemma="d/7812" n="0.1.0" morph="HTd/Vvrmpa" id="36tKT">הַ/מִּֽשְׁתַּחֲוִים֙</w>
          <w lemma="d/7650" morph="HTd/VNrmpa" id="36NRT">הַ/נִּשְׁבָּעִ֣ים</w>
          <w lemma="l/3068" n="0.1" morph="HR/Np" id="36sRU">לַֽ/יהוָ֔ה</w>
          <w lemma="c/d/7650" n="0.0" morph="HC/Td/VNrmpa" id="36Wxq">וְ/הַ/נִּשְׁבָּעִ֖ים</w>
          <w lemma="b/4445 b" n="0" morph="HR/Ncmsc/Sp3mp" id="369qY">בְּ/מַלְכָּֽ/ם</w><seg type="x-sof-pasuq">׃</seg>
        </verse>
        <verse osisID="Zeph.1.6">
          <w lemma="c/853" morph="HC/To" id="36n5f">וְ/אֶת</w><seg type="x-maqqef">־</seg><w lemma="d/5472" n="1.0" morph="HTd/VNrmpa" id="36YUq">הַ/נְּסוֹגִ֖ים</w>
          <w lemma="m/310 a" morph="HR/R" id="36fQr">מֵ/אַחֲרֵ֣י</w>
          <w lemma="3068" n="1" morph="HNp" id="36L7t">יְהוָ֑ה</w>
          <w lemma="c/834 a" n="0.0.0" morph="HC/Tr" id="36A74">וַ/אֲשֶׁ֛ר</w>
          <w lemma="3808" morph="HTn" id="36dNE">לֹֽא</w><seg type="x-maqqef">־</seg><w lemma="1245" morph="HVpp3cp" id="36xdF">בִקְשׁ֥וּ</w>
          <w lemma="853" morph="HTo" id="36AYg">אֶת</w><seg type="x-maqqef">־</seg><w lemma="3068" n="0.0" morph="HNp" id="36Ls9">יְהוָ֖ה</w>
          <w lemma="c/3808" morph="HC/Tn" id="36Snp">וְ/לֹ֥א</w>
          <w lemma="1875" n="0" morph="HVqp3cp/Sp3ms" id="3687B">דְרָשֻֽׁ/הוּ</w><seg type="x-sof-pasuq">׃</seg>
        </verse>
        <verse osisID="Zeph.1.7">
          <w lemma="2013" n="1.1" morph="HTj" id="36nLp">הַ֕ס</w>
          <w lemma="m/6440" n="1.0" morph="HR/Ncbpc" id="36PzC">מִ/פְּנֵ֖י</w>
          <w lemma="136" morph="HNcmpc/Sp1cs" id="36NPq">אֲדֹנָ֣/י</w>
          <w lemma="3069" n="1" morph="HNp" id="36d5m">יְהוִ֑ה</w>
          <w lemma="3588 a" morph="HC" id="36BYa">כִּ֤י</w>
          <w lemma="7138" n="0.1.0" morph="HAamsa" id="36LJh">קָרוֹב֙</w>
          <w lemma="3117" morph="HNcmsc" id="36tRR">י֣וֹם</w>
          <w lemma="3068" n="0.1" morph="HNp" id="36Q7E">יְהוָ֔ה</w>
          <w lemma="3588 a" morph="HC" id="36dv1">כִּֽי</w><seg type="x-maqqef">־</seg><w lemma="3559 a" morph="HVhp3ms" id="36QwM">הֵכִ֧ין</w>
          <w lemma="3068" n="0.0.0" morph="HNp" id="36a62">יְהוָ֛ה</w>
          <w lemma="2077" n="0.0" morph="HNcmsa" id="36KvD">זֶ֖בַח</w>
          <w lemma="6942" morph="HVhp3ms" id="36GLz">הִקְדִּ֥ישׁ</w>
          <w lemma="7121" n="0" morph="HVqsmpc/Sp3ms" id="36BU7">קְרֻאָֽי/ו</w><seg type="x-sof-pasuq">׃</seg>
        </verse>
        <verse osisID="Zeph.1.8">
          <w lemma="c/1961" n="1.1.1" morph="HC/Vqq3ms" id="36iy2">וְ/הָיָ֗ה</w>
          <w lemma="b/3117" n="1.1.0" morph="HR/Ncmsc" id="36zQ2">בְּ/יוֹם֙</w>
          <w lemma="2077" morph="HNcmsc" id="36Wxx">זֶ֣בַח</w>
          <w lemma="3068" n="1.1" morph="HNp" id="36jQ8">יְהוָ֔ה</w>
          <w lemma="c/6485 a" morph="HC/Vqq1cs" id="36Haa">וּ/פָקַדְתִּ֥י</w>
          <w lemma="5921 a" morph="HR" id="36fJN">עַל</w><seg type="x-maqqef">־</seg><w lemma="d/8269" n="1.0" morph="HTd/Ncmpa" id="369KV">הַ/שָּׂרִ֖ים</w>
          <w lemma="c/5921 a" morph="HC/R" id="36F1s">וְ/עַל</w><seg type="x-maqqef">־</seg><w lemma="1121 a" morph="HNcmpc" id="36dns">בְּנֵ֣י</w>
          <w lemma="d/4428" n="1" morph="HTd/Ncmsa" id="36GK3">הַ/מֶּ֑לֶךְ</w>
          <w lemma="c/5921 a" morph="HC/R" id="36nRZ">וְ/עַ֥ל</w>
          <w lemma="3605" morph="HNcmsc" id="36cpb">כָּל</w><seg type="x-maqqef">־</seg><w lemma="d/3847" n="0.0" morph="HTd/Vqrmpa" id="36zio">הַ/לֹּבְשִׁ֖ים</w>
          <w lemma="4403" morph="HNcmsa" id="36Qsh">מַלְבּ֥וּשׁ</w>
          <w lemma="5237" n="0" morph="HAamsa" id="36zTj">נָכְרִֽי</w><seg type="x-sof-pasuq">׃</seg>
        </verse>
        <verse osisID="Zeph.1.9">
          <w lemma="c/6485 a" n="1.0.1" morph="HC/Vqq1cs" id="36fPi">וּ/פָקַדְתִּ֗י</w>
          <w lemma="5921 a" morph="HR" id="36GYe">עַ֧ל</w>
          <w lemma="3605" morph="HNcmsc" id="36Bbz">כָּל</w><seg type="x-maqqef">־</seg><w lemma="d/1801" n="1.0.0" morph="HTd/Vqrmsa" id="36VA9">הַ/דּוֹלֵ֛ג</w>
          <w lemma="5921 a" morph="HR" id="36fV3">עַל</w><seg type="x-maqqef">־</seg><w lemma="d/4670" n="1.0" morph="HTd/Ncmsa" id="36Sov">הַ/מִּפְתָּ֖ן</w>
          <w lemma="b/3117" morph="HRd/Ncmsa" id="36V27">בַּ/יּ֣וֹם</w>
          <w lemma="d/1931" n="1" morph="HTd/Pp3ms" id="36ifp">הַ/ה֑וּא</w>
          <w lemma="d/4390" n="0.0.0" morph="HTd/Vprmpa" id="367ZG">הַֽ/מְמַלְאִ֛ים</w>
          <w lemma="1004 b" morph="HNcmsc" id="36B2d">בֵּ֥ית</w>
          <w lemma="113" n="0.0" morph="HNcmpc/Sp3mp" id="36ewe">אֲדֹנֵי/הֶ֖ם</w>
          <w lemma="2555" morph="HNcmsa" id="36SV6">חָמָ֥ס</w>
          <w lemma="c/4820" n="0" morph="HC/Ncfsa" id="36G83">וּ/מִרְמָֽה</w><seg type="x-sof-pasuq">׃</seg>
          <seg type="x-samekh">ס</seg>
        </verse>
        <verse osisID="Zeph.1.10">
          <w lemma="c/1961" morph="HC/Vqq3ms" id="36vzS">וְ/הָיָה֩</w>
          <w lemma="b/3117" morph="HRd/Ncmsa" id="36Gq9">בַ/יּ֨וֹם</w>
          <w lemma="d/1931" n="1.1.1.0" morph="HTd/Pp3ms" id="363y8">הַ/ה֜וּא</w>
          <w lemma="5002" morph="HNcmsc" id="36TXw">נְאֻם</w><seg type="x-maqqef">־</seg><w lemma="3068" n="1.1.1" morph="HNp" id="36Y4K">יְהוָ֗ה</w>
          <w lemma="6963 a" morph="HNcmsc" id="36C32">ק֤וֹל</w>
          <w lemma="6818" n="1.1.0" morph="HNcfsa" id="36aMT">צְעָקָה֙</w>
          <w lemma="m/8179" morph="HR/Ncmsc" id="36Cof">מִ/שַּׁ֣עַר</w>
          <w lemma="d/1709" n="1.1" morph="HTd/Ncmpa" id="36YWU">הַ/דָּגִ֔ים</w>
          <w lemma="c/3215" n="1.0" morph="HC/Ncfsa" id="36rAQ">וִֽ/ילָלָ֖ה</w>
          <w lemma="4480 a" morph="HR" id="36fLi">מִן</w><seg type="x-maqqef">־</seg><w lemma="d/4932" n="1" morph="HTd/Ncmsa" id="36Ptj">הַ/מִּשְׁנֶ֑ה</w>
          <w lemma="c/7667" morph="HC/Ncmsa" id="36AJj">וְ/שֶׁ֥בֶר</w>
          <w lemma="1419 a" n="0.0" morph="HAamsa" id="369Hv">גָּד֖וֹל</w>
          <w lemma="m/d/1389" n="0" morph="HR/Td/Ncfpa" id="36j1i">מֵ/הַ/גְּבָעֽוֹת</w><seg type="x-sof-pasuq">׃</seg>
        </verse>
        <verse osisID="Zeph.1.11">
          <w lemma="3213" n="1.0" morph="HVhv2mp" id="36J9J">הֵילִ֖ילוּ</w>
          <w lemma="3427" morph="HVqrmpc" id="36U4n">יֹשְׁבֵ֣י</w>
          <w lemma="d/4389" n="1" morph="HTd/Ncmsa" id="362Kt">הַ/מַּכְתֵּ֑שׁ</w>
          <w lemma="3588 a" morph="HC" id="36RmH">כִּ֤י</w>
          <w lemma="1820" n="0.1.0" morph="HVNp3ms" id="36SWL">נִדְמָה֙</w>
          <w lemma="3605" morph="HNcmsc" id="3675P">כָּל</w><seg type="x-maqqef">־</seg><w lemma="5971 a" morph="HNcmsc" id="363Lj">עַ֣ם</w>
          <w lemma="3667 b" n="0.1" morph="HNp" id="36Qa3">כְּנַ֔עַן</w>
          <w lemma="3772" n="0.0" morph="HVNp3cp" id="36WTe">נִכְרְת֖וּ</w>
          <w lemma="3605" morph="HNcmsc" id="366VM">כָּל</w><seg type="x-maqqef">־</seg><w lemma="5187" morph="HNcmpc" id="36sKn">נְטִ֥ילֵי</w>
          <w lemma="3701" n="0" morph="HNcmsa" id="36oAj">כָֽסֶף</w><seg type="x-sof-pasuq">׃</seg>
        </verse>
        <verse osisID="Zeph.1.12">
          <w lemma="c/1961" n="1.1.0" morph="HC/Vqq3ms" id="36AxB">וְ/הָיָה֙</w>
          <w lemma="b/6256" morph="HRd/Ncbsa" id="36Ap3">בָּ/עֵ֣ת</w>
          <w lemma="d/1931" n="1.1" morph="HTd/Pp3fs" id="36CEu">הַ/הִ֔יא</w>
          <w lemma="2664" morph="HVpi1cs" id="36zpy">אֲחַפֵּ֥שׂ</w>
          <w lemma="853" morph="HTo" id="36FiN">אֶת</w><seg type="x-maqqef">־</seg><w lemma="3389" n="1.0" morph="HNp" id="36cLk">יְרוּשָׁלִַ֖ם</w>
          <w lemma="b/5216 a" n="1" morph="HRd/Ncmpa" id="3692v">בַּ/נֵּר֑וֹת</w>
          <w lemma="c/6485 a" morph="HC/Vqq1cs" id="36j63">וּ/פָקַדְתִּ֣י</w>
          <w lemma="5921 a" morph="HR" id="36LFW">עַל</w><seg type="x-maqqef">־</seg><w lemma="d/376" n="0.2.1" morph="HTd/Ncmpa" id="36FbT">הָ/אֲנָשִׁ֗ים</w>
          <w lemma="d/7087 a" n="0.2.0" morph="HTd/Vqrmpa" id="36Bx7">הַ/קֹּֽפְאִים֙</w>
          <w lemma="5921 a" morph="HR" id="36btu">עַל</w><seg type="x-maqqef">־</seg><w lemma="8105" n="0.2" morph="HNcmpc/Sp3mp" id="36rTK">שִׁמְרֵי/הֶ֔ם</w>
          <w lemma="d/559" n="0.1.0" morph="HTd/Vqrmpa" id="36SHw">הָ/אֹֽמְרִים֙</w>
          <w lemma="b/3824" n="0.1" morph="HR/Ncmsc/Sp3mp" id="36VuH">בִּ/לְבָבָ֔/ם</w>
          <w lemma="3808" morph="HTn" id="36Axb">לֹֽא</w><seg type="x-maqqef">־</seg><w lemma="3190" morph="HVhi3ms" id="36xva">יֵיטִ֥יב</w>
          <w lemma="3068" n="0.0" morph="HNp" id="36NrT">יְהוָ֖ה</w>
          <w lemma="c/3808" morph="HC/Tn" id="36iAD">וְ/לֹ֥א</w>
          <w lemma="7489 a" n="0" morph="HVhi3ms" id="36372">יָרֵֽעַ</w><seg type="x-sof-pasuq">׃</seg>
        </verse>
        <verse osisID="Zeph.1.13">
          <w lemma="c/1961" morph="HC/Vqq3ms" id="36FMU">וְ/הָיָ֤ה</w>
          <w lemma="2428" n="1.1.0" morph="HNcmsc/Sp3mp" id="36SaV">חֵילָ/ם֙</w>
          <w lemma="l/4933" n="1.1" morph="HR/Ncfsa" id="364W9">לִ/מְשִׁסָּ֔ה</w>
          <w lemma="c/1004 b" n="1.0" morph="HC/Ncmpc/Sp3mp" id="36MmM">וּ/בָתֵּי/הֶ֖ם</w>
          <w lemma="l/8077 a" n="1" morph="HR/Ncfsa" id="36wJn">לִ/שְׁמָמָ֑ה</w>
          <w lemma="c/1129" morph="HC/Vqq3cp" id="36CQo">וּ/בָנ֤וּ</w>
          <w lemma="1004 b" n="0.2.0" morph="HNcmpa" id="36XyU">בָתִּים֙</w>
          <w lemma="c/3808" morph="HC/Tn" id="36BG4">וְ/לֹ֣א</w>
          <w lemma="3427" n="0.2" morph="HVqi3mp" id="36YHH">יֵשֵׁ֔בוּ</w>
          <w lemma="c/5193" morph="HC/Vqq3cp" id="36sHf">וְ/נָטְע֣וּ</w>
          <w lemma="3754" n="0.1" morph="HNcbpa" id="36iee">כְרָמִ֔ים</w>
          <w lemma="c/3808" morph="HC/Tn" id="363eS">וְ/לֹ֥א</w>
          <w lemma="8354" n="0.0" morph="HVqi3mp" id="36ddd">יִשְׁתּ֖וּ</w>
          <w lemma="853" morph="HTo" id="36hxo">אֶת</w><seg type="x-maqqef">־</seg><w lemma="3196" n="0" morph="HNcmsc/Sp3mp" id="36TW6">יֵינָֽ/ם</w><seg type="x-sof-pasuq">׃</seg>
        </verse>
        <verse osisID="Zeph.1.14">
          <w lemma="7138" morph="HAamsa" id="36PVx">קָר֤וֹב</w>
          <w lemma="3117" morph="HNcmsc" id="36PGK">יוֹם</w><seg type="x-maqqef">־</seg><w lemma="3068" n="1.1.0" morph="HNp" id="36U4a">יְהוָה֙</w>
          <w lemma="d/1419 a" n="1.1" morph="HTd/Aamsa" id="36dSQ">הַ/גָּד֔וֹל</w>
          <w lemma="7138" n="1.0" morph="HAamsa" id="36Qbs">קָר֖וֹב</w>
          <w lemma="c/4118 a" morph="HC/Aamsa" id="36ndZ">וּ/מַהֵ֣ר</w>
          <w lemma="3966" n="1" morph="HD" id="36Xa1">מְאֹ֑ד</w>
          <w lemma="6963 a" n="0.1.0" morph="HNcmsc" id="363yJ">ק֚וֹל</w>
          <w lemma="3117" morph="HNcmsc" id="36B6c">י֣וֹם</w>
          <w lemma="3068" n="0.1" morph="HNp" id="36bju">יְהוָ֔ה</w>
          <w lemma="4751" morph="HAamsa" id="36cn3">מַ֥ר</w>
          <w lemma="6873" n="0.0" morph="HVqrmsa" id="367mS">צֹרֵ֖חַ</w>
          <w lemma="8033" morph="HD" id="36dJe">שָׁ֥ם</w>
          <w lemma="1368" n="0" morph="HAamsa" id="36WvG">גִּבּֽוֹר</w><seg type="x-sof-pasuq">׃</seg>
        </verse>
        <verse osisID="Zeph.1.15">
          <w lemma="3117" morph="HNcmsc" id="36RXg">י֥וֹם</w>
          <w lemma="5678" n="1.0" morph="HNcfsa" id="36pqY">עֶבְרָ֖ה</w>
          <w lemma="d/3117" morph="HTd/Ncmsa" id="36n9v">הַ/יּ֣וֹם</w>
          <w lemma="d/1931" n="1" morph="HTd/Pp3ms" id="36gYe">הַ/ה֑וּא</w>
          <w lemma="3117" morph="HNcmsc" id="36eXj">י֧וֹם</w>
          <w lemma="6869 b" morph="HNcfsa" id="368ro">צָרָ֣ה</w>
          <w lemma="c/4691" n="0.2.1" morph="HC/Ncfsa" id="36v5z">וּ/מְצוּקָ֗ה</w>
          <w lemma="3117" morph="HNcmsc" id="36bCC">י֤וֹם</w>
          <w lemma="7722 b" n="0.2.0" morph="HNcfsa" id="366By">שֹׁאָה֙</w>
          <w lemma="c/4875" n="0.2" morph="HC/Ncfsa" id="36CZB">וּ/מְשׁוֹאָ֔ה</w>
          <w lemma="3117" morph="HNcmsc" id="36VTb">י֥וֹם</w>
          <w lemma="2822" n="0.1.0" morph="HNcmsa" id="366qf">חֹ֨שֶׁךְ֙</w>
          <w lemma="c/653" n="0.1" morph="HC/Ncfsa" id="36efz">וַ/אֲפֵלָ֔ה</w>
          <w lemma="3117" morph="HNcmsc" id="36QG5">י֥וֹם</w>
          <w lemma="6051" n="0.0" morph="HNcmsa" id="363k3">עָנָ֖ן</w>
          <w lemma="c/6205" n="0" morph="HC/Ncmsa" id="361rL">וַ/עֲרָפֶֽל</w><seg type="x-sof-pasuq">׃</seg>
        </verse>
        <verse osisID="Zeph.1.16">
          <w lemma="3117" morph="HNcmsc" id="36W2c">י֥וֹם</w>
          <w lemma="7782" n="1.0" morph="HNcmsa" id="36mL3">שׁוֹפָ֖ר</w>
          <w lemma="c/8643" n="1" morph="HC/Ncfsa" id="36zfc">וּ/תְרוּעָ֑ה</w>
          <w lemma="5921 a" n="0.1.0" morph="HR" id="36sYp">עַ֚ל</w>
          <w lemma="d/5892 b" morph="HTd/Ncfpa" id="36GvF">הֶ/עָרִ֣ים</w>
          <w lemma="d/1219" n="0.1" morph="HTd/Aafpa" id="36dAC">הַ/בְּצֻר֔וֹת</w>
          <w lemma="c/5921 a" n="0.0" morph="HC/R" id="36i4W">וְ/עַ֖ל</w>
          <w lemma="d/6438" morph="HTd/Ncfpa" id="36chR">הַ/פִּנּ֥וֹת</w>
          <w lemma="d/1364" n="0" morph="HTd/Aafpa" id="36Ddq">הַ/גְּבֹהֽוֹת</w><seg type="x-sof-pasuq">׃</seg>
        </verse>
        <verse osisID="Zeph.1.17">
          <w lemma="c/6887 b" morph="HC/Vhq1cs" id="36dSp">וַ/הֲצֵרֹ֣תִי</w>
          <w lemma="l/120" n="1.1.1" morph="HRd/Ncmsa" id="36ecS">לָ/אָדָ֗ם</w>
          <w lemma="c/1980" n="1.1.0" morph="HC/Vqq3cp" id="362tG">וְ/הָֽלְכוּ֙</w>
          <w lemma="k/5787" n="1.1" morph="HRd/Aampa" id="36Xzm">כַּֽ/עִוְרִ֔ים</w>
          <w lemma="3588 a" morph="HC" id="36CCj">כִּ֥י</w>
          <w lemma="l/3068" n="1.0" morph="HR/Np" id="36gV8">לַֽ/יהוָ֖ה</w>
          <w lemma="2398" n="1" morph="HVqp3cp" id="36Czz">חָטָ֑אוּ</w>
          <w lemma="c/8210" morph="HC/VQq3ms" id="36uXX">וְ/שֻׁפַּ֤ךְ</w>
          <w lemma="1818" n="0.1.0" morph="HNcmsc/Sp3mp" id="36xCL">דָּמָ/ם֙</w>
          <w lemma="k/6083" n="0.1" morph="HRd/Ncmsa" id="36Qnr">כֶּֽ/עָפָ֔ר</w>
          <w lemma="c/3894" n="0.0" morph="HC/Ncmsc/Sp3mp" id="366kU">וּ/לְחֻמָ֖/ם</w>
          <w lemma="k/1561" n="0" morph="HRd/Ncmpa" id="36qry">כַּ/גְּלָלִֽים</w><seg type="x-sof-pasuq">׃</seg>
        </verse>
        <verse osisID="Zeph.1.18">
          <w lemma="1571" morph="HTa" id="36bvP">גַּם</w><seg type="x-maqqef">־</seg><w lemma="3701" morph="HNcmsc/Sp3mp" id="36wjj">כַּסְפָּ֨/ם</w>
          <w lemma="1571" morph="HTa" id="36Tn7">גַּם</w><seg type="x-maqqef">־</seg><w lemma="2091" n="1.2.1.0" morph="HNcmsc/Sp3mp" id="36hEs">זְהָבָ֜/ם</w>
          <w lemma="3808" morph="HTn" id="36xAF">לֹֽא</w><seg type="x-maqqef">־</seg><w lemma="3201" morph="HVqi3ms" id="36qg1">יוּכַ֣ל</w>
          <w lemma="l/5337" n="1.2.1" morph="HR/Vhc/Sp3mp" id="366w9">לְ/הַצִּילָ֗/ם</w>
          <w lemma="b/3117" n="1.2.0" morph="HR/Ncmsc" id="36wA4">בְּ/יוֹם֙</w>
          <w lemma="5678" morph="HNcfsc" id="36ibe">עֶבְרַ֣ת</w>
          <w lemma="3068" n="1.2" morph="HNp" id="36v8V">יְהוָ֔ה</w>
          <w lemma="c/b/784" n="1.1.0" morph="HC/R/Ncbsc" id="36T2S">וּ/בְ/אֵשׁ֙</w>
          <w lemma="7068" n="1.1" morph="HNcfsc/Sp3ms" id="36tkJ">קִנְאָת֔/וֹ</w>
          <w lemma="398" n="1.0" morph="HVNi3fs" id="36EXL">תֵּאָכֵ֖ל</w>
          <w lemma="3605" morph="HNcmsc" id="36ZPN">כָּל</w><seg type="x-maqqef">־</seg><w lemma="d/776" n="1" morph="HTd/Ncbsa" id="36q1G">הָ/אָ֑רֶץ</w>
          <w lemma="3588 a" morph="HC" id="36bYD">כִּֽי</w><seg type="x-maqqef">־</seg><w lemma="3617" morph="HNcfsa" id="36v2F">כָלָ֤ה</w>
          <w lemma="389" morph="HTa" id="367vt">אַךְ</w><seg type="x-maqqef">־</seg><w lemma="926" n="0.1.0" morph="HVNsfsa" id="36kDm">נִבְהָלָה֙</w>
          <w lemma="6213 a" n="0.1" morph="HVqi3ms" id="36doW">יַֽעֲשֶׂ֔ה</w>
          <w lemma="853" morph="HTo" id="36eRa">אֵ֥ת</w>
          <w lemma="3605" morph="HNcmsc" id="36kDf">כָּל</w><seg type="x-maqqef">־</seg><w lemma="3427" n="0.0" morph="HVqrmpc" id="3663G">יֹשְׁבֵ֖י</w>
          <w lemma="d/776" n="0" morph="HTd/Ncbsa" id="36WPn">הָ/אָֽרֶץ</w><seg type="x-sof-pasuq">׃</seg>
          <seg type="x-samekh">ס</seg>
        </verse>
      </chapter>
      <chapter osisID="Zeph.2">
        <verse osisID="Zeph.2.1">
          <w lemma="7197 b" n="1.0" morph="HVrv2mp" id="361jv">הִֽתְקוֹשְׁשׁ֖וּ</w>
          <w lemma="c/7197 b" n="1" morph="HC/Vqv2mp" id="36cK8">וָ/ק֑וֹשּׁוּ</w>
          <w lemma="d/1471 a" n="0.0" morph="HTd/Ncmsa" id="36DDb">הַ/גּ֖וֹי</w>
          <w lemma="3808" morph="HTn" id="36RCg">לֹ֥א</w>
          <w lemma="3700" n="0" morph="HVNp3ms" id="365KE">נִכְסָֽף</w><seg type="x-sof-pasuq">׃</seg>
        </verse>
        <verse osisID="Zeph.2.2">
          <w lemma="b/2962" n="1.1.0" morph="HR/D" id="36qVd">בְּ/טֶ֨רֶם֙</w>
          <w lemma="3205" morph="HVqc" id="36koG">לֶ֣דֶת</w>
          <w lemma="2706" n="1.1" morph="HNcmsa" id="36e6B">חֹ֔ק</w>
          <w lemma="k/4671" n="1.0" morph="HR/Ncmsa" id="368GY">כְּ/מֹ֖ץ</w>
          <w lemma="5674 a" morph="HVqp3ms" id="36GpK">עָ֣בַר</w>
          <w lemma="3117" n="1" morph="HNcmsa" id="3668C">י֑וֹם</w>
          <w lemma="b/2962" n="0.2.1.0" morph="HR/D" id="36CMz">בְּ/טֶ֣רֶם</w>
          <seg type="x-paseq">׀</seg>
          <w lemma="3808" morph="HTn" id="36D4c">לֹא</w><seg type="x-maqqef">־</seg><w lemma="935" morph="HVqi3ms" id="36ta1">יָב֣וֹא</w>
          <w lemma="5921 a" n="0.2.1" morph="HR/Sp2mp" id="36JnD">עֲלֵי/כֶ֗ם</w>
          <w lemma="2740" n="0.2.0" morph="HNcmsc" id="36jfz">חֲרוֹן֙</w>
          <w lemma="639" morph="HTa" id="36ErQ">אַף</w><seg type="x-maqqef">־</seg><w lemma="3068" n="0.2" morph="HNp" id="364fv">יְהוָ֔ה</w>
          <w lemma="b/2962" n="0.1.0" morph="HR/D" id="36yDv">בְּ/טֶ֨רֶם֙</w>
          <w lemma="3808" morph="HTn" id="36jyT">לֹא</w><seg type="x-maqqef">־</seg><w lemma="935" morph="HVqi3ms" id="36Unh">יָב֣וֹא</w>
          <w lemma="5921 a" n="0.1" morph="HR/Sp2mp" id="36QH2">עֲלֵי/כֶ֔ם</w>
          <w lemma="3117" n="0.0" morph="HNcmsc" id="36xxn">י֖וֹם</w>
          <w lemma="639" morph="HTa" id="36ou4">אַף</w><seg type="x-maqqef">־</seg><w lemma="3068" n="0" morph="HNp" id="363KZ">יְהוָֽה</w><seg type="x-sof-pasuq">׃</seg>
        </verse>
        <verse osisID="Zeph.2.3">
          <w lemma="1245" morph="HVpv2mp" id="36jNE">בַּקְּשׁ֤וּ</w>
          <w lemma="853" morph="HTo" id="36hj3">אֶת</w><seg type="x-maqqef">־</seg><w lemma="3068" n="1.1.0" morph="HNp" id="36iDs">יְהוָה֙</w>
          <w lemma="3605" morph="HNcmsc" id="366Lo">כָּל</w><seg type="x-maqqef">־</seg><w lemma="6035" morph="HAampc" id="36JZq">עַנְוֵ֣י</w>
          <w lemma="d/776" n="1.1" morph="HTd/Ncbsa" id="36ZpQ">הָ/אָ֔רֶץ</w>
          <w lemma="834 a" morph="HTr" id="369gS">אֲשֶׁ֥ר</w>
          <w lemma="4941" n="1.0" morph="HNcmsc/Sp3ms" id="36LAe">מִשְׁפָּט֖/וֹ</w>
          <w lemma="6466" n="1" morph="HVqp3cp" id="36qK3">פָּעָ֑לוּ</w>
          <w lemma="1245" morph="HVpv2mp" id="361Cv">בַּקְּשׁוּ</w><seg type="x-maqqef">־</seg><w lemma="6664" n="0.2.0" morph="HNcmsa" id="36PBQ">צֶ֨דֶק֙</w>
          <w lemma="1245" morph="HVpv2mp" id="36mr5">בַּקְּשׁ֣וּ</w>
          <w lemma="6038" n="0.2" morph="HNcfsa" id="36QDu">עֲנָוָ֔ה</w>
          <w lemma="194" n="0.1.0" morph="HD" id="36PbY">אוּלַי֙</w>
          <w lemma="5641" n="0.1" morph="HVNi2mp" id="36Ew6">תִּסָּ֣תְר֔וּ</w>
          <w lemma="b/3117" n="0.0" morph="HR/Ncmsc" id="3674R">בְּ/י֖וֹם</w>
          <w lemma="639" morph="HTa" id="366zt">אַף</w><seg type="x-maqqef">־</seg><w lemma="3068" n="0" morph="HNp" id="36zEm">יְהוָֽה</w><seg type="x-sof-pasuq">׃</seg>
        </verse>
        <verse osisID="Zeph.2.4">
          <w lemma="3588 a" morph="HC" id="362dm">כִּ֤י</w>
          <w lemma="5804" n="1.1.0" morph="HNp" id="36uYh">עַזָּה֙</w>
          <w lemma="5800 a" morph="HVqsfsa" id="36YxK">עֲזוּבָ֣ה</w>
          <w lemma="1961" n="1.1" morph="HVqi3fs" id="36aSJ">תִֽהְיֶ֔ה</w>
          <w lemma="c/831" n="1.0" morph="HC/Np" id="36Kz2">וְ/אַשְׁקְל֖וֹן</w>
          <w lemma="l/8077 a" n="1" morph="HR/Ncfsa" id="36YhQ">לִ/שְׁמָמָ֑ה</w>
          <w lemma="795" n="0.1.1" morph="HNp" id="36azZ">אַשְׁדּ֗וֹד</w>
          <w lemma="b/6672 a" n="0.1.0" morph="HRd/Ncmpa" id="36oiy">בַּֽ/צָּהֳרַ֨יִם֙</w>
          <w lemma="1644" n="0.1" morph="HVpi3mp/Sp3fs" id="36gPX">יְגָ֣רְשׁ֔וּ/הָ</w>
          <w lemma="c/6138" n="0.0" morph="HC/Np" id="36gtq">וְ/עֶקְר֖וֹן</w>
          <w lemma="6131 a" n="0" morph="HVNi3fs" id="36HSQ">תֵּעָקֵֽר</w><seg type="x-sof-pasuq">׃</seg>
          <seg type="x-samekh">ס</seg>
        </verse>
        <verse osisID="Zeph.2.5">
          <w lemma="1945" n="1.0.1" morph="HTj" id="36fbB">ה֗וֹי</w>
          <w lemma="3427" n="1.0.0" morph="HVqrmpc" id="36k1L">יֹֽשְׁבֵ֛י</w>
          <w lemma="2256 a" morph="HNcbsc" id="362tS">חֶ֥בֶל</w>
          <w lemma="d/3220" n="1.0" morph="HTd/Ncmsa" id="36EVu">הַ/יָּ֖ם</w>
          <w lemma="1471 a" morph="HNcmsc" id="36ygU">גּ֣וֹי</w>
          <w lemma="3774" n="1" morph="HNgmpa" id="36swV">כְּרֵתִ֑ים</w>
          <w lemma="1697" morph="HNcmsc" id="36HjU">דְּבַר</w><seg type="x-maqqef">־</seg><w lemma="3068" morph="HNp" id="36d3U">יְהוָ֣ה</w>
          <w lemma="5921 a" n="0.1.1" morph="HR/Sp2mp" id="36NtK">עֲלֵי/כֶ֗ם</w>
          <w lemma="3667 a" n="0.1.0" morph="HNp" id="36U94">כְּנַ֨עַן֙</w>
          <w lemma="776" morph="HNcbsc" id="36zqr">אֶ֣רֶץ</w>
          <w lemma="6430" n="0.1" morph="HNgmpa" id="366JA">פְּלִשְׁתִּ֔ים</w>
          <w lemma="c/6" n="0.0" morph="HC/Vhq1cs/Sp3fs" id="36JyD">וְ/הַאֲבַדְתִּ֖י/ךְ</w>
          <w lemma="m/369" morph="HR/Tn" id="36jjy">מֵ/אֵ֥ין</w>
          <w lemma="3427" n="0" morph="HVqrmsa" id="3679E">יוֹשֵֽׁב</w><seg type="x-sof-pasuq">׃</seg>
        </verse>
        <verse osisID="Zeph.2.6">
          <w lemma="c/1961" n="0.0.1.0" morph="HC/Vqq3fs" id="36Zuo">וְֽ/הָיְתָ֞ה</w>
          <w lemma="2256 a" morph="HNcbsc" id="36LXS">חֶ֣בֶל</w>
          <w lemma="d/3220" n="0.0.1" morph="HTd/Ncmsa" id="36mR4">הַ/יָּ֗ם</w>
          <w lemma="5116 a" n="0.0.0" morph="HNcbpc" id="36MC8">נְוֺ֛ת</w>
          <w lemma="3741" morph="HNcfpc" id="36BnR">כְּרֹ֥ת</w>
          <w lemma="7462 b" n="0.0" morph="HVqrmpa" id="36PUg">רֹעִ֖ים</w>
          <w lemma="c/1448" morph="HC/Ncfpc" id="36pUN">וְ/גִדְר֥וֹת</w>
          <w lemma="6629" n="0" morph="HNcbsa" id="36gc8">צֹֽאן</w><seg type="x-sof-pasuq">׃</seg>
        </verse>
        <verse osisID="Zeph.2.7">
          <w lemma="c/1961" morph="HC/Vqq3ms" id="36Lsp">וְ/הָ֣יָה</w>
          <w lemma="2256 a" n="1.0.1" morph="HNcbsa" id="36SAE">חֶ֗בֶל</w>
          <w lemma="l/7611" n="1.0.0" morph="HR/Ncfsc" id="363gY">לִ/שְׁאֵרִ֛ית</w>
          <w lemma="1004 b" morph="HNcmsc" id="36RuM">בֵּ֥ית</w>
          <w lemma="3063" n="1.0" morph="HNp" id="36WFU">יְהוּדָ֖ה</w>
          <w lemma="5921 a" morph="HR/Sp3mp" id="36BJv">עֲלֵי/הֶ֣ם</w>
          <w lemma="7462 b" n="1" morph="HVqi3mp/Sn" id="36ExP">יִרְע֑וּ/ן</w>
          <w lemma="b/1004 b" morph="HR/Ncmpc" id="36ypu">בְּ/בָתֵּ֣י</w>
          <w lemma="831" n="0.1.1" morph="HNp" id="36mP3">אַשְׁקְל֗וֹן</w>
          <w lemma="b/6153" n="0.1.0" morph="HRd/Ncmsa" id="36V8b">בָּ/עֶ֨רֶב֙</w>
          <w lemma="7257" n="0.1" morph="HVqi3mp/Sn" id="36suQ">יִרְבָּצ֔וּ/ן</w>
          <w lemma="3588 a" morph="HC" id="361Su">כִּ֧י</w>
          <w lemma="6485 a" n="0.0.0" morph="HVqi3ms/Sp3mp" id="36MEz">יִפְקְדֵ֛/ם</w>
          <w lemma="3068" morph="HNp" id="36Q2u">יְהוָ֥ה</w>
          <w lemma="430" n="0.0" morph="HNcmpc/Sp3mp" id="36yT5">אֱלֹהֵי/הֶ֖ם</w>
          <w lemma="c/7725" morph="HC/Vqq3ms" id="36b5Q">וְ/שָׁ֥ב</w>
          <w type="x-ketiv" lemma="7622" morph="HNcfsc/Sp3mp" id="36F88">שבות/ם</w><note type="variant"><catchWord>שבות/ם</catchWord><rdg type="x-qere"><w lemma="7622" n="0" morph="HNcfsc/Sp3mp" id="36AXb">שְׁבִיתָֽ/ם</w></rdg></note><seg type="x-sof-pasuq">׃</seg>
        </verse>
        <verse osisID="Zeph.2.8">
          <w lemma="8085" n="1.1.0" morph="HVqp1cs" id="36Wjz">שָׁמַ֨עְתִּי֙</w>
          <w lemma="2781" morph="HNcfsc" id="36bPJ">חֶרְפַּ֣ת</w>
          <w lemma="4124" n="1.1" morph="HNp" id="36hS1">מוֹאָ֔ב</w>
          <w lemma="c/1421" n="1.0" morph="HC/Ncbpc" id="36h53">וְ/גִדּוּפֵ֖י</w>
          <w lemma="1121 a" morph="HNcmpc" id="36vpK">בְּנֵ֣י</w>
          <w lemma="5983" n="1" morph="HNp" id="36G6E">עַמּ֑וֹן</w>
          <w lemma="834 a" morph="HTr" id="364vX">אֲשֶׁ֤ר</w>
          <w lemma="2778 a" n="0.1.0" morph="HVpp3cp" id="36X1R">חֵֽרְפוּ֙</w>
          <w lemma="853" morph="HTo" id="36bsu">אֶת</w><seg type="x-maqqef">־</seg><w lemma="5971 a" n="0.1" morph="HNcmsc/Sp1cs" id="36Ygn">עַמִּ֔/י</w>
          <w lemma="c/1431" n="0.0" morph="HC/Vhw3mp" id="362gM">וַ/יַּגְדִּ֖ילוּ</w>
          <w lemma="5921 a" morph="HR" id="36pAw">עַל</w><seg type="x-maqqef">־</seg><w lemma="1366" n="0" morph="HNcmsc/Sp3mp" id="36mVV">גְּבוּלָֽ/ם</w><seg type="x-sof-pasuq">׃</seg>
        </verse>
        <verse osisID="Zeph.2.9">
          <w lemma="l/3651 c" morph="HR/D" id="36FMa">לָ/כֵ֣ן</w>
          <w lemma="2416 a" morph="HAamsa" id="36KPU">חַי</w><seg type="x-maqqef">־</seg><w lemma="589" n="1.1.2.1" morph="HPp1cs" id="36ki2">אָ֡נִי</w>
          <w lemma="5002" morph="HNcmsc" id="365pZ">נְאֻם֩</w>
          <w lemma="3068" morph="HNp" id="36HWo">יְהוָ֨ה</w>
          <w lemma="6635 b" n="1.1.2.0" morph="HNcbpa" id="36zkA">צְבָא֜וֹת</w>
          <w lemma="430" morph="HNcmpc" id="36JMT">אֱלֹהֵ֣י</w>
          <w lemma="3478" n="1.1.2" morph="HNp" id="36jEX">יִשְׂרָאֵ֗ל</w>
          <w lemma="3588 a" morph="HC" id="36uUA">כִּֽי</w><seg type="x-maqqef">־</seg><w lemma="4124" n="1.1.1.0" morph="HNp" id="36tKf">מוֹאָ֞ב</w>
          <w lemma="k/5467" morph="HR/Np" id="36awE">כִּ/סְדֹ֤ם</w>
          <w lemma="1961" n="1.1.1" morph="HVqi3fs" id="36yNT">תִּֽהְיֶה֙</w>
          <w lemma="c/1121 a" morph="HC/Ncmpc" id="36Azu">וּ/בְנֵ֤י</w>
          <w lemma="5983" n="1.1.0" morph="HNp" id="36884">עַמּוֹן֙</w>
          <w lemma="k/6017" n="1.1" morph="HR/Np" id="36XMu">כַּֽ/עֲמֹרָ֔ה</w>
          <w lemma="4476" morph="HNcmsc" id="36mrn">מִמְשַׁ֥ק</w>
          <w lemma="2738" n="1.0.0" morph="HNcmsa" id="36Xh9">חָר֛וּל</w>
          <w lemma="c/4379" morph="HC/Ncmsc" id="36D3a">וּ/מִכְרֵה</w><seg type="x-maqqef">־</seg><w lemma="4417" morph="HNcmsa" id="36wEr">מֶ֥לַח</w>
          <w lemma="c/8077 a" n="1.0" morph="HC/Ncfsa" id="36Rvc">וּ/שְׁמָמָ֖ה</w>
          <w lemma="5704" morph="HR" id="36c6V">עַד</w><seg type="x-maqqef">־</seg><w lemma="5769" n="1" morph="HNcmsa" id="368eM">עוֹלָ֑ם</w>
          <w lemma="7611" morph="HNcfsc" id="36xkK">שְׁאֵרִ֤ית</w>
          <w lemma="5971 a" n="0.1.0" morph="HNcmsc/Sp1cs" id="36rGa">עַמִּ/י֙</w>
          <w lemma="962" n="0.1" morph="HVqi3mp/Sp3mp" id="36fp1">יְבָזּ֔וּ/ם</w>
          <w lemma="c/3499 a" morph="HC/Ncmsc" id="36Y9g">וְ/יֶ֥תֶר</w>
          <w type="x-ketiv" lemma="1471 a" morph="HNcmsa" id="36mGU">גוי</w><note type="variant"><catchWord>גוי</catchWord><rdg type="x-qere"><w lemma="1471 a" n="0.0" morph="HNcmsc/Sp1cs" id="36gBW">גּוֹיִ֖/י</w></rdg></note>
          <w lemma="5157" n="0" morph="HVqi3mp/Sp3mp" id="36eLD">יִנְחָלֽוּ/ם</w><seg type="x-sof-pasuq">׃</seg>
        </verse>
        <verse osisID="Zeph.2.10">
          <w lemma="2063" morph="HPdxfs" id="3693F">זֹ֥את</w>
          <w lemma="l" n="1.0" morph="HR/Sp3mp" id="36eyL">לָ/הֶ֖ם</w>
          <w lemma="8478" morph="HR" id="36pm7">תַּ֣חַת</w>
          <w lemma="1347" n="1" morph="HNcmsc/Sp3mp" id="36teU">גְּאוֹנָ֑/ם</w>
          <w lemma="3588 a" morph="HC" id="36c58">כִּ֤י</w>
          <w lemma="2778 a" n="0.1.0" morph="HVpp3cp" id="36MRA">חֵֽרְפוּ֙</w>
          <w lemma="c/1431" n="0.1" morph="HC/Vhw3mp" id="36xp4">וַ/יַּגְדִּ֔לוּ</w>
          <w lemma="5921 a" morph="HR" id="36Hki">עַל</w><seg type="x-maqqef">־</seg><w lemma="5971 a" n="0.0" morph="HNcmsc" id="36QvZ">עַ֖ם</w>
          <w lemma="3068" morph="HNp" id="36S38">יְהוָ֥ה</w>
          <w lemma="6635 b" n="0" morph="HNcbpa" id="36eN1">צְבָאֽוֹת</w><seg type="x-sof-pasuq">׃</seg>
        </verse>
        <verse osisID="Zeph.2.11">
          <w lemma="3372" morph="HVNrmsa" id="36HoD">נוֹרָ֤א</w>
          <w lemma="3068" n="1.2.0" morph="HNp" id="36P5s">יְהוָה֙</w>
          <w lemma="5921 a" n="1.2" morph="HR/Sp3mp" id="365QX">עֲלֵי/הֶ֔ם</w>
          <w lemma="3588 a" morph="HC" id="36Mxy">כִּ֣י</w>
          <w lemma="7329" n="1.1" morph="HVqp3ms" id="36w6u">רָזָ֔ה</w>
          <w lemma="853" n="1.0" morph="HTo" id="36e3z">אֵ֖ת</w>
          <w lemma="3605" morph="HNcmsc" id="362c6">כָּל</w><seg type="x-maqqef">־</seg><w lemma="430" morph="HNcmpc" id="363RL">אֱלֹהֵ֣י</w>
          <w lemma="d/776" n="1" morph="HTd/Ncbsa" id="36JUf">הָ/אָ֑רֶץ</w>
          <w lemma="c/7812" morph="HC/Vvi3mp" id="36ce9">וְ/יִשְׁתַּֽחֲווּ</w><seg type="x-maqqef">־</seg><w lemma="l" n="0.1.0" morph="HR/Sp3ms" id="36dPK">ל/וֹ֙</w>
          <w lemma="376" morph="HNcmsa" id="36vLv">אִ֣ישׁ</w>
          <w lemma="m/4725" n="0.1" morph="HR/Ncmsc/Sp3ms" id="36UrG">מִ/מְּקוֹמ֔/וֹ</w>
          <w lemma="3605" n="0.0" morph="HNcmsc" id="36Sxc">כֹּ֖ל</w>
          <w lemma="339" morph="HNcmpc" id="36xwN">אִיֵּ֥י</w>
          <w lemma="d/1471 a" n="0" morph="HTd/Ncmpa" id="36GjY">הַ/גּוֹיִֽם</w><seg type="x-sof-pasuq">׃</seg>
        </verse>
        <verse osisID="Zeph.2.12">
          <w lemma="1571" morph="HTa" id="36KNo">גַּם</w><seg type="x-maqqef">־</seg><w lemma="859 d" morph="HPp2mp" id="36NLD">אַתֶּ֣ם</w>
          <w lemma="3569" n="0.1" morph="HNgmpa" id="36GUh">כּוּשִׁ֔ים</w>
          <w lemma="2491 a" morph="HAampc" id="365aF">חַֽלְלֵ֥י</w>
          <w lemma="2719" n="0.0" morph="HNcfsc/Sp1cs" id="36taY">חַרְבִּ֖/י</w>
          <w lemma="1992" n="0" morph="HPp3mp" id="36EZz">הֵֽמָּה</w><seg type="x-sof-pasuq">׃</seg>
        </verse>
        <verse osisID="Zeph.2.13">
          <w lemma="c/5186" morph="HC/Vqj3ms" id="36Hnw">וְ/יֵ֤ט</w>
          <w lemma="3027" n="1.1.0" morph="HNcbsc/Sp3ms" id="36pXi">יָד/וֹ֙</w>
          <w lemma="5921 a" morph="HR" id="36Nq4">עַל</w><seg type="x-maqqef">־</seg><w lemma="6828" n="1.1" morph="HNcfsa" id="36rZH">צָפ֔וֹן</w>
          <w lemma="c/6" n="1.0" morph="HC/Vpi3ms" id="36GtT">וִֽ/יאַבֵּ֖ד</w>
          <w lemma="853" morph="HTo" id="36kwz">אֶת</w><seg type="x-maqqef">־</seg><w lemma="804" n="1" morph="HNp" id="36tc4">אַשּׁ֑וּר</w>
          <w lemma="c/7760 a" morph="HC/Vqj3ms" id="36CMD">וְ/יָשֵׂ֤ם</w>
          <w lemma="853" morph="HTo" id="365eq">אֶת</w><seg type="x-maqqef">־</seg><w lemma="5210" n="0.1.0" morph="HNp" id="36Cj2">נִֽינְוֵה֙</w>
          <w lemma="l/8077 a" n="0.1" morph="HR/Ncfsa" id="36Ttm">לִ/שְׁמָמָ֔ה</w>
          <w lemma="6723" n="0.0" morph="HNcfsa" id="366Vi">צִיָּ֖ה</w>
          <w lemma="k/4057 b" n="0" morph="HRd/Ncmsa" id="36V8W">כַּ/מִּדְבָּֽר</w><seg type="x-sof-pasuq">׃</seg>
        </verse>
        <verse osisID="Zeph.2.14">
          <w lemma="c/7257" morph="HC/Vqq3cp" id="36zg2">וְ/רָבְצ֨וּ</w>
          <w lemma="b/8432" morph="HR/Ncmsc/Sp3fs" id="36gXh">בְ/תוֹכָ֤/הּ</w>
          <w lemma="5739" n="1.2.0" morph="HNcmpa" id="363iR">עֲדָרִים֙</w>
          <w lemma="3605" morph="HNcmsc" id="36RoG">כָּל</w><seg type="x-maqqef">־</seg><w lemma="2416 c" morph="HNcfsc/Sp3ms" id="36jP7">חַיְת/וֹ</w><seg type="x-maqqef">־</seg><w lemma="1471 a" n="1.2" morph="HNcmsa" id="36vCn">ג֔וֹי</w>
          <w lemma="1571" morph="HTa" id="36jv3">גַּם</w><seg type="x-maqqef">־</seg><w lemma="6893" n="1.1.0" morph="HNcfsa" id="36ggL">קָאַת֙</w>
          <w lemma="1571" morph="HTa" id="36MVq">גַּם</w><seg type="x-maqqef">־</seg><w lemma="7090" n="1.1" morph="HNcmsa" id="36g1y">קִפֹּ֔ד</w>
          <w lemma="b/3730" n="1.0" morph="HR/Ncmpc/Sp3fs" id="36CBH">בְּ/כַפְתֹּרֶ֖י/הָ</w>
          <w lemma="3885 a" n="1" morph="HVqi3mp" id="363t6">יָלִ֑ינוּ</w>
          <w lemma="6963 a" n="0.1.0.0" morph="HNcmsa" id="36g33">ק֠וֹל</w>
          <w lemma="7891" morph="HVoi3ms" id="36LDn">יְשׁוֹרֵ֤ר</w>
          <w lemma="b/2474" n="0.1.0" morph="HRd/Ncbsa" id="363jG">בַּֽ/חַלּוֹן֙</w>
          <w lemma="2721 b" morph="HNcmsa" id="36WDP">חֹ֣רֶב</w>
          <w lemma="b/5592 b" n="0.1" morph="HRd/Ncmsa" id="36eeF">בַּ/סַּ֔ף</w>
          <w lemma="3588 a" morph="HC" id="36idA">כִּ֥י</w>
          <w lemma="731" n="0.0" morph="HNcfsa" id="36Z4D">אַרְזָ֖ה</w>
          <w lemma="6168" n="0" morph="HVpp3ms" id="36VMC">עֵרָֽה</w><seg type="x-sof-pasuq">׃</seg>
        </verse>
        <verse osisID="Zeph.2.15">
          <w lemma="2063" n="1.2.0.0" morph="HPdxfs" id="36K8W">זֹ֞֠את</w>
          <note n="C">We read one or more accents in L differently from BHQ. </note>
          <note n="c">We read one or more accents in L differently than BHS. Often this notation indicates a typographical error in BHS. </note>
          <w lemma="d/5892 b" morph="HTd/Ncfsa" id="366RX">הָ/עִ֤יר</w>
          <w lemma="d/5947" n="1.2.0" morph="HTd/Aafsa" id="36bYm">הָ/עַלִּיזָה֙</w>
          <w lemma="d/3427" morph="HTd/Vqrfsa" id="36M7H">הַ/יּוֹשֶׁ֣בֶת</w>
          <w lemma="l/983" n="1.2" morph="HR/Ncmsa" id="36gcK">לָ/בֶ֔טַח</w>
          <w lemma="d/559" n="1.1.0" morph="HTd/Vqrfsa" id="36p7s">הָ/אֹֽמְרָה֙</w>
          <w lemma="b/3824" n="1.1" morph="HR/Ncmsc/Sp3fs" id="36ZBR">בִּ/לְבָבָ֔/הּ</w>
          <w lemma="589" n="1.0" morph="HPp1cs" id="36ACh">אֲנִ֖י</w>
          <w lemma="c/657 a" morph="HC/Ncmsc/Sp1cs" id="36mnL">וְ/אַפְסִ֣/י</w>
          <w lemma="5750" n="1" morph="HD" id="3689r">ע֑וֹד</w>
          <w lemma="349 a" n="0.2.1.0" morph="HTi" id="36GmF">אֵ֣יךְ</w>
          <seg type="x-paseq">׀</seg>
          <w lemma="1961" morph="HVqp3fs" id="36fcv">הָיְתָ֣ה</w>
          <w lemma="l/8047" n="0.2.1" morph="HR/Ncfsa" id="36knb">לְ/שַׁמָּ֗ה</w>
          <w lemma="4769" n="0.2.0" morph="HNcmsa" id="36Qpj">מַרְבֵּץ֙</w>
          <w lemma="l/2416 c" n="0.2" morph="HRd/Ncfsa" id="36MDS">לַֽ/חַיָּ֔ה</w>
          <w lemma="3605" n="0.1.0" morph="HNcmsa" id="36YBx">כֹּ֚ל</w>
          <w lemma="5674 a" morph="HVqrmsa" id="36kMZ">עוֹבֵ֣ר</w>
          <w lemma="5921 a" n="0.1" morph="HR/Sp3fs" id="36uqC">עָלֶ֔י/הָ</w>
          <w lemma="8319" n="0.0" morph="HVqi3ms" id="36VY5">יִשְׁרֹ֖ק</w>
          <w lemma="5128" morph="HVhi3ms" id="36WJY">יָנִ֥יעַ</w>
          <w lemma="3027" n="0" morph="HNcbsc/Sp3ms" id="36brh">יָדֽ/וֹ</w><seg type="x-sof-pasuq">׃</seg>
          <seg type="x-samekh">ס</seg>
        </verse>
      </chapter>
      <chapter osisID="Zeph.3">
        <verse osisID="Zeph.3.1">
          <w lemma="1945" morph="HTj" id="36w1U">ה֥וֹי</w>
          <w lemma="4754" n="1.0" morph="HVqrfsa" id="36aqT">מֹרְאָ֖ה</w>
          <w lemma="c/1351" n="1" morph="HC/VNsfsa" id="36zXi">וְ/נִגְאָלָ֑ה</w>
          <w lemma="d/5892 b" n="0.0" morph="HTd/Ncfsa" id="36H8a">הָ/עִ֖יר</w>
          <w lemma="d/3238" n="0" morph="HTd/Vqrfsa" id="36Sjh">הַ/יּוֹנָֽה</w><seg type="x-sof-pasuq">׃</seg>
        </verse>
        <verse osisID="Zeph.3.2">
          <w lemma="3808" morph="HTn" id="36oYp">לֹ֤א</w>
          <w lemma="8085" n="1.1.0" morph="HVqp3fs" id="36Pht">שָֽׁמְעָה֙</w>
          <w lemma="b/6963 a" n="1.1" morph="HR/Ncmsa" id="36idy">בְּ/ק֔וֹל</w>
          <w lemma="3808" morph="HTn" id="36PU6">לֹ֥א</w>
          <w lemma="3947" n="1.0" morph="HVqp3fs" id="36FCP">לָקְחָ֖ה</w>
          <w lemma="4148" n="1" morph="HNcmsa" id="36YuY">מוּסָ֑ר</w>
          <w lemma="b/3068" n="0.1.0" morph="HR/Np" id="368Js">בַּֽ/יהוָה֙</w>
          <w lemma="3808" morph="HTn" id="36FyK">לֹ֣א</w>
          <w lemma="982" n="0.1" morph="HVqp3fs" id="36XjR">בָטָ֔חָה</w>
          <w lemma="413" morph="HR" id="36jaD">אֶל</w><seg type="x-maqqef">־</seg><w lemma="430" n="0.0" morph="HNcmpc/Sp3fs" id="36W7V">אֱלֹהֶ֖י/הָ</w>
          <w lemma="3808" morph="HTn" id="36U2Y">לֹ֥א</w>
          <w lemma="7126" n="0" morph="HVqp3fs" id="368na">קָרֵֽבָה</w><seg type="x-sof-pasuq">׃</seg>
        </verse>
        <verse osisID="Zeph.3.3">
          <w lemma="8269" morph="HNcmpc/Sp3fs" id="36sgw">שָׂרֶ֣י/הָ</w>
          <w lemma="b/7130" n="1.1" morph="HR/Ncmsc/Sp3fs" id="36MDX">בְ/קִרְבָּ֔/הּ</w>
          <w lemma="738 a" n="1.0" morph="HNcmpa" id="36pPp">אֲרָי֖וֹת</w>
          <w lemma="7580" n="1" morph="HVqrmpa" id="36ieN">שֹֽׁאֲגִ֑ים</w>
          <w lemma="8199" n="0.1.0" morph="HVqrmpc/Sp3fs" id="36Csj">שֹׁפְטֶ֨י/הָ֙</w>
          <w lemma="2061" morph="HNcmpc" id="36rHn">זְאֵ֣בֵי</w>
          <w lemma="6153" n="0.1" morph="HNcmsa" id="36ViB">עֶ֔רֶב</w>
          <w lemma="3808" morph="HTn" id="36CFo">לֹ֥א</w>
          <w lemma="1633 a" n="0.0" morph="HVqp3cp" id="365Ja">גָרְמ֖וּ</w>
          <w lemma="l/1242" n="0" morph="HRd/Ncmsa" id="36UXS">לַ/בֹּֽקֶר</w><seg type="x-sof-pasuq">׃</seg>
        </verse>
        <verse osisID="Zeph.3.4">
          <w lemma="5030" n="1.1.0" morph="HNcmpc/Sp3fs" id="36YQ8">נְבִיאֶ֨י/הָ֙</w>
          <w lemma="6348" n="1.1" morph="HVqrmpa" id="36Abd">פֹּֽחֲזִ֔ים</w>
          <w lemma="376" n="1.0" morph="HNcmpc" id="362UV">אַנְשֵׁ֖י</w>
          <w lemma="900" n="1" morph="HNcfpa" id="36ZtS">בֹּֽגְד֑וֹת</w>
          <w lemma="3548" n="0.1.0" morph="HNcmpc/Sp3fs" id="36gMU">כֹּהֲנֶ֨י/הָ֙</w>
          <w lemma="2490 c" morph="HVpp3cp" id="36nWb">חִלְּלוּ</w><seg type="x-maqqef">־</seg><w lemma="6944" n="0.1" morph="HNcmsa" id="36GXk">קֹ֔דֶשׁ</w>
          <w lemma="2554" n="0.0" morph="HVqp3cp" id="36TZa">חָמְס֖וּ</w>
          <w lemma="8451" n="0" morph="HNcfsa" id="365qp">תּוֹרָֽה</w><seg type="x-sof-pasuq">׃</seg>
        </verse>
        <verse osisID="Zeph.3.5">
          <w lemma="3068" morph="HNp" id="36uHZ">יְהוָ֤ה</w>
          <w lemma="6662" n="1.1.0" morph="HAamsa" id="36pAL">צַדִּיק֙</w>
          <w lemma="b/7130" n="1.1" morph="HR/Ncmsc/Sp3fs" id="36hSr">בְּ/קִרְבָּ֔/הּ</w>
          <w lemma="3808" morph="HTn" id="36ZMk">לֹ֥א</w>
          <w lemma="6213 a" n="1.0" morph="HVqi3ms" id="36irW">יַעֲשֶׂ֖ה</w>
          <w lemma="5766 b" n="1" morph="HNcbsa" id="36x72">עַוְלָ֑ה</w>
          <w lemma="b/1242" morph="HRd/Ncmsa" id="36FYV">בַּ/בֹּ֨קֶר</w>
          <w lemma="b/1242" n="0.1.0.0" morph="HRd/Ncmsa" id="36Uoo">בַּ/בֹּ֜קֶר</w>
          <w lemma="4941" morph="HNcmsc/Sp3ms" id="36sC3">מִשְׁפָּט֨/וֹ</w>
          <w lemma="5414" morph="HVqi3ms" id="364CS">יִתֵּ֤ן</w>
          <w lemma="l/216" n="0.1.0" morph="HRd/Ncbsa" id="366n2">לָ/אוֹר֙</w>
          <w lemma="3808" morph="HTn" id="36HqY">לֹ֣א</w>
          <w lemma="5737 c" n="0.1" morph="HVNp3ms" id="36BFZ">נֶעְדָּ֔ר</w>
          <w lemma="c/3808" morph="HC/Tn" id="36shy">וְ/לֹֽא</w><seg type="x-maqqef">־</seg><w lemma="3045" morph="HVqrmsa" id="36nzj">יוֹדֵ֥עַ</w>
          <w lemma="5767" n="0.0" morph="HNcmsa" id="36vpT">עַוָּ֖ל</w>
          <w lemma="1322" n="0" morph="HNcfsa" id="363Sx">בֹּֽשֶׁת</w><seg type="x-sof-pasuq">׃</seg>
        </verse>
        <verse osisID="Zeph.3.6">
          <w lemma="3772" morph="HVhp1cs" id="36qVv">הִכְרַ֣תִּי</w>
          <w lemma="1471 a" n="1.1.1" morph="HNcmpa" id="36Kov">גוֹיִ֗ם</w>
          <w lemma="8074" n="1.1.0" morph="HVNp3cp" id="36HNy">נָשַׁ֨מּוּ֙</w>
          <w lemma="6438" n="1.1" morph="HNcfpc/Sp3mp" id="36Ta6">פִּנּוֹתָ֔/ם</w>
          <w lemma="2717 b" morph="HVhp1cs" id="36ER2">הֶחֱרַ֥בְתִּי</w>
          <w lemma="2351" n="1.0" morph="HNcmpc/Sp3mp" id="36yP1">חֽוּצוֹתָ֖/ם</w>
          <w lemma="m/1097" morph="HR/Ncmsc" id="36w4T">מִ/בְּלִ֣י</w>
          <w lemma="5674 a" n="1" morph="HVqrmsa" id="36Cyx">עוֹבֵ֑ר</w>
          <w lemma="6658 b" morph="HVNp3cp" id="36qTT">נִצְדּ֧וּ</w>
          <w lemma="5892 b" n="0.0.0" morph="HNcfpc/Sp3mp" id="36m55">עָרֵי/הֶ֛ם</w>
          <w lemma="m/1097" morph="HR/Ncmsc" id="36AF1">מִ/בְּלִי</w><seg type="x-maqqef">־</seg><w lemma="376" n="0.0" morph="HNcmsa" id="365ED">אִ֖ישׁ</w>
          <w lemma="m/369" morph="HR/Tn" id="36zCS">מֵ/אֵ֥ין</w>
          <w lemma="3427" n="0" morph="HVqrmsa" id="36LsC">יוֹשֵֽׁב</w><seg type="x-sof-pasuq">׃</seg>
        </verse>
        <verse osisID="Zeph.3.7">
          <w lemma="559" n="1.2.0.0" morph="HVqp1cs" id="36B4x">אָמַ֜רְתִּי</w>
          <w lemma="389" morph="HTa" id="36JB6">אַךְ</w><seg type="x-maqqef">־</seg><w lemma="3372" morph="HVqi2fs" id="36LzS">תִּירְאִ֤י</w>
          <w lemma="853" n="1.2.0" morph="HTo/Sp1cs" id="3683E">אוֹתִ/י֙</w>
          <w lemma="3947" morph="HVqi2fs" id="36hQD">תִּקְחִ֣י</w>
          <w lemma="4148" n="1.2" morph="HNcmsa" id="36LZD">מוּסָ֔ר</w>
          <w lemma="c/3808" morph="HC/Tn" id="366bH">וְ/לֹֽא</w><seg type="x-maqqef">־</seg><w lemma="3772" morph="HVNi3ms" id="36Ekx">יִכָּרֵ֣ת</w>
          <w lemma="4585" n="1.1" morph="HNcbsc/Sp3fs" id="36PG7">מְעוֹנָ֔/הּ</w>
          <w lemma="3605" morph="HNcmsa" id="36EL8">כֹּ֥ל</w>
          <w lemma="834 a" morph="HTr" id="36ufm">אֲשֶׁר</w><seg type="x-maqqef">־</seg><w lemma="6485 a" n="1.0" morph="HVqp1cs" id="36XSi">פָּקַ֖דְתִּי</w>
          <w lemma="5921 a" n="1" morph="HR/Sp3fs" id="36ELV">עָלֶ֑י/הָ</w>
          <w lemma="403" n="0.1.0" morph="HD" id="36Y6w">אָכֵן֙</w>
          <w lemma="7925" morph="HVhp3cp" id="36qLR">הִשְׁכִּ֣ימוּ</w>
          <w lemma="7843" n="0.1" morph="HVhp3cp" id="36vfq">הִשְׁחִ֔יתוּ</w>
          <w lemma="3605" n="0.0" morph="HNcmsc" id="36Qsx">כֹּ֖ל</w>
          <w lemma="5949" n="0" morph="HNcfpc/Sp3mp" id="368KZ">עֲלִילוֹתָֽ/ם</w><seg type="x-sof-pasuq">׃</seg>
        </verse>
        <verse osisID="Zeph.3.8">
          <w lemma="l/3651 c" morph="HR/D" id="36GXq">לָ/כֵ֤ן</w>
          <w lemma="2442" morph="HVpv2mp" id="36iCi">חַכּוּ</w><seg type="x-maqqef">־</seg><w lemma="l" n="1.1.0" morph="HR/Sp1cs" id="36vwH">לִ/י֙</w>
          <w lemma="5002" morph="HNcmsc" id="36dbM">נְאֻם</w><seg type="x-maqqef">־</seg><w lemma="3068" n="1.1" morph="HNp" id="36Dqb">יְהוָ֔ה</w>
          <w lemma="l/3117" n="1.0" morph="HR/Ncmsc" id="36kCD">לְ/י֖וֹם</w>
          <w lemma="6965 b" morph="HVqc/Sp1cs" id="36XgW">קוּמִ֣/י</w>
          <w lemma="l/5706" n="1" morph="HR/Ncmsa" id="366PV">לְ/עַ֑ד</w>
          <w lemma="3588 a" morph="HC" id="36qGs">כִּ֣י</w>
          <w lemma="4941" morph="HNcmsc/Sp1cs" id="36w7p">מִשְׁפָּטִ/י֩</w>
          <w lemma="l/622" morph="HR/Vqc" id="36k7H">לֶ/אֱסֹ֨ף</w>
          <w lemma="1471 a" n="0.2.2.0" morph="HNcmpa" id="36r6F">גּוֹיִ֜ם</w>
          <w lemma="l/6908" morph="HR/Vqc/Sp1cs" id="36Ugz">לְ/קָבְצִ֣/י</w>
          <w lemma="4467" n="0.2.2" morph="HNcfpa" id="36Mjg">מַמְלָכ֗וֹת</w>
          <w lemma="l/8210" morph="HR/Vqc" id="36mdR">לִ/שְׁפֹּ֨ךְ</w>
          <w lemma="5921 a" morph="HR/Sp3mp" id="36eWA">עֲלֵי/הֶ֤ם</w>
          <w lemma="2195" n="0.2.1" morph="HNcmsc/Sp1cs" id="36CqN">זַעְמִ/י֙</w>
          <w lemma="3605" n="0.2.0" morph="HNcmsc" id="36Cpt">כֹּ֚ל</w>
          <w lemma="2740" morph="HNcmsc" id="36aSi">חֲר֣וֹן</w>
          <w lemma="639" n="0.2" morph="HNcmsc/Sp1cs" id="367VU">אַפִּ֔/י</w>
          <w lemma="3588 a" n="0.1.0" morph="HC" id="36eK3">כִּ֚י</w>
          <w lemma="b/784" morph="HR/Ncbsc" id="36c63">בְּ/אֵ֣שׁ</w>
          <w lemma="7068" n="0.1" morph="HNcfsc/Sp1cs" id="36TuL">קִנְאָתִ֔/י</w>
          <w lemma="398" n="0.0" morph="HVNi3fs" id="36emQ">תֵּאָכֵ֖ל</w>
          <w lemma="3605" morph="HNcmsc" id="36uf4">כָּל</w><seg type="x-maqqef">־</seg><w lemma="d/776" n="0" morph="HTd/Ncbsa" id="36jQv">הָ/אָֽרֶץ</w><seg type="x-sof-pasuq">׃</seg>
        </verse>
        <verse osisID="Zeph.3.9">
          <w lemma="3588 a" morph="HC" id="36ME1">כִּֽי</w><seg type="x-maqqef">־</seg><w lemma="227 a" n="1.0.0" morph="HD" id="36ht4">אָ֛ז</w>
          <w lemma="2015" morph="HVqi1cs" id="363Yo">אֶהְפֹּ֥ךְ</w>
          <w lemma="413" morph="HR" id="36pYb">אֶל</w><seg type="x-maqqef">־</seg><w lemma="5971 a" n="1.0" morph="HNcmpa" id="36g5u">עַמִּ֖ים</w>
          <w lemma="8193" morph="HNcfsa" id="36w6U">שָׂפָ֣ה</w>
          <w lemma="1305" n="1" morph="HAafsa" id="36ifL">בְרוּרָ֑ה</w>
          <w lemma="l/7121" morph="HR/Vqc" id="36LZU">לִ/קְרֹ֤א</w>
          <w lemma="3605" n="0.1.0" morph="HNcmsc/Sp3mp" id="36yHT">כֻלָּ/ם֙</w>
          <w lemma="b/8034" morph="HR/Ncmsc" id="369Dq">בְּ/שֵׁ֣ם</w>
          <w lemma="3068" n="0.1" morph="HNp" id="367Vg">יְהוָ֔ה</w>
          <w lemma="l/5647" n="0.0" morph="HR/Vqc/Sp3ms" id="363LR">לְ/עָבְד֖/וֹ</w>
          <w lemma="7926" morph="HNcmsa" id="36vdQ">שְׁכֶ֥ם</w>
          <w lemma="259" n="0" morph="HAcmsa" id="36zAa">אֶחָֽד</w><seg type="x-sof-pasuq">׃</seg>
        </verse>
        <verse osisID="Zeph.3.10">
          <w lemma="m/5676" n="1.0" morph="HR/Ncmsa" id="36HK3">מֵ/עֵ֖בֶר</w>
          <w lemma="l/5104" morph="HR/Ncmpc" id="36sCi">לְ/נַֽהֲרֵי</w><seg type="x-maqqef">־</seg><w lemma="3568 a" n="1" morph="HNp" id="36S3d">כ֑וּשׁ</w>
          <w lemma="6282 a" n="0.1.0" morph="HNcmpc/Sp1cs" id="36RFe">עֲתָרַ/י֙</w>
          <w lemma="1323" morph="HNcfsc" id="36PfQ">בַּת</w><seg type="x-maqqef">־</seg><w lemma="6327 a" n="0.1" morph="HVqsmsc/Sp1cs" id="36AwN">פוּצַ֔/י</w>
          <note n="Q">Marks a place where we agree with BHQ against BHS in reading L. </note>
          <note n="n">Marks an anomalous form. </note>
          <note n="p">We read punctuation in L differently from BHS. </note>
          <w lemma="2986" n="0.0" morph="HVhi3mp/Sn" id="36khc">יוֹבִל֖וּ/ן</w>
          <w lemma="4503" n="0" morph="HNcfsc/Sp1cs" id="36kYA">מִנְחָתִֽ/י</w><seg type="x-sof-pasuq">׃</seg>
        </verse>
        <verse osisID="Zeph.3.11">
          <w lemma="b/3117" morph="HRd/Ncmsa" id="36u6F">בַּ/יּ֣וֹם</w>
          <w lemma="d/1931" n="1.1.1" morph="HTd/Pp3ms" id="36PYJ">הַ/ה֗וּא</w>
          <w lemma="3808" morph="HTn" id="361Za">לֹ֤א</w>
          <w lemma="954" n="1.1.0" morph="HVqi2fs" id="36gam">תֵב֨וֹשִׁי֙</w>
          <w lemma="m/3605" morph="HR/Ncmsc" id="36un5">מִ/כֹּ֣ל</w>
          <w lemma="5949" n="1.1" morph="HNcfpc/Sp2fs" id="36WSe">עֲלִילֹתַ֔יִ/ךְ</w>
          <w lemma="834 a" morph="HTr" id="36AFs">אֲשֶׁ֥ר</w>
          <w lemma="6586" n="1.0" morph="HVqp2fs" id="36aJe">פָּשַׁ֖עַתְּ</w>
          <w lemma="b" n="1" morph="HR/Sp1cs" id="36g2t">בִּ֑/י</w>
          <w lemma="3588 a" morph="HC" id="368HV">כִּי</w><seg type="x-maqqef">־</seg><w lemma="227 a" n="0.1.1.0" morph="HD" id="36j8W">אָ֣ז</w>
          <seg type="x-paseq">׀</seg>
          <w lemma="5493" morph="HVhi1cs" id="36h73">אָסִ֣יר</w>
          <w lemma="m/7130" n="0.1.1" morph="HR/Ncmsc/Sp2fs" id="369Yh">מִ/קִּרְבֵּ֗/ךְ</w>
          <w lemma="5947" n="0.1.0" morph="HAampc" id="36SkM">עַלִּיזֵי֙</w>
          <w lemma="1346" n="0.1" morph="HNcfsc/Sp2fs" id="36yXK">גַּאֲוָתֵ֔/ךְ</w>
          <w lemma="c/3808" morph="HC/Tn" id="36hDf">וְ/לֹֽא</w><seg type="x-maqqef">־</seg><w lemma="3254" morph="HVhi2fs" id="36PuA">תוֹסִ֧פִי</w>
          <w lemma="l/1361" n="0.0.0" morph="HR/Vqc" id="36myi">לְ/גָבְהָ֛ה</w>
          <w lemma="5750" n="0.0" morph="HD" id="36YLn">ע֖וֹד</w>
          <w lemma="b/2022" morph="HR/Ncmsc" id="36AXU">בְּ/הַ֥ר</w>
          <w lemma="6944" n="0" morph="HNcmsc/Sp1cs" id="36reD">קָדְשִֽׁ/י</w><seg type="x-sof-pasuq">׃</seg>
        </verse>
        <verse osisID="Zeph.3.12">
          <w lemma="c/7604" morph="HC/Vhq1cs" id="36VFM">וְ/הִשְׁאַרְתִּ֣י</w>
          <w lemma="b/7130" n="1.1" morph="HR/Ncmsc/Sp2fs" id="36SGf">בְ/קִרְבֵּ֔/ךְ</w>
          <w lemma="5971 a" morph="HNcmsa" id="369jX">עַ֥ם</w>
          <w lemma="6041" n="1.0" morph="HAamsa" id="366t4">עָנִ֖י</w>
          <w lemma="c/1800" n="1" morph="HC/Aamsa" id="36Yu7">וָ/דָ֑ל</w>
          <w lemma="c/2620" n="0.0" morph="HC/Vqq3cp" id="36vL9">וְ/חָס֖וּ</w>
          <w lemma="b/8034" morph="HR/Ncmsc" id="36G2d">בְּ/שֵׁ֥ם</w>
          <w lemma="3068" n="0" morph="HNp" id="36xY3">יְהוָֽה</w><seg type="x-sof-pasuq">׃</seg>
        </verse>
        <verse osisID="Zeph.3.13">
          <w lemma="7611" morph="HNcfsc" id="36Zmd">שְׁאֵרִ֨ית</w>
          <w lemma="3478" n="1.1.0.0" morph="HNp" id="36Wyn">יִשְׂרָאֵ֜ל</w>
          <w lemma="3808" morph="HTn" id="36njg">לֹֽא</w><seg type="x-maqqef">־</seg><w lemma="6213 a" morph="HVqi3mp" id="36L6G">יַעֲשׂ֤וּ</w>
          <w lemma="5766 b" n="1.1.0" morph="HNcbsa" id="36EDP">עַוְלָה֙</w>
          <w lemma="c/3808" morph="HC/Tn" id="36QUP">וְ/לֹא</w><seg type="x-maqqef">־</seg><w lemma="1696" morph="HVpi3mp" id="36fv8">יְדַבְּר֣וּ</w>
          <w lemma="3577" n="1.1" morph="HNcmsa" id="362SX">כָזָ֔ב</w>
          <w lemma="c/3808" morph="HC/Tn" id="36pwZ">וְ/לֹֽא</w><seg type="x-maqqef">־</seg><w lemma="4672" morph="HVNi3ms" id="36KKJ">יִמָּצֵ֥א</w>
          <w lemma="b/6310" n="1.0" morph="HR/Ncmsc/Sp3mp" id="36U9v">בְּ/פִי/הֶ֖ם</w>
          <w lemma="3956" morph="HNcbsc" id="363V4">לְשׁ֣וֹן</w>
          <w lemma="8649 b" n="1" morph="HNcfsa" id="36gJ1">תַּרְמִ֑ית</w>
          <w lemma="3588 a" morph="HC" id="36rWk">כִּֽי</w><seg type="x-maqqef">־</seg><w lemma="1992" n="0.0.0" morph="HPp3mp" id="366gQ">הֵ֛מָּה</w>
          <w lemma="7462 b" morph="HVqi3mp" id="36mSF">יִרְע֥וּ</w>
          <w lemma="c/7257" n="0.0" morph="HC/Vqq3cp" id="36awX">וְ/רָבְצ֖וּ</w>
          <w lemma="c/369" morph="HC/Tn" id="36wik">וְ/אֵ֥ין</w>
          <w lemma="2729" n="0" morph="HVhrmsa" id="36CVM">מַחֲרִֽיד</w><seg type="x-sof-pasuq">׃</seg>
          <seg type="x-samekh">ס</seg>
        </verse>
        <verse osisID="Zeph.3.14">
          <w lemma="7442 b" n="1.1.0" morph="HVqv2fs" id="36gbT">רָנִּי֙</w>
          <w lemma="1323" morph="HNcfsc" id="36wMq">בַּת</w><seg type="x-maqqef">־</seg><w lemma="6726" n="1.1" morph="HNp" id="362GY">צִיּ֔וֹן</w>
          <w lemma="7321" n="1.0" morph="HVhv2mp" id="36Doj">הָרִ֖יעוּ</w>
          <w lemma="3478" n="1" morph="HNp" id="36m3h">יִשְׂרָאֵ֑ל</w>
          <w lemma="8055" morph="HVqv2fs" id="36Djb">שִׂמְחִ֤י</w>
          <w lemma="c/5937" n="0.1.0" morph="HC/Vqv2fs" id="36F5r">וְ/עָלְזִי֙</w>
          <w lemma="b/3605" morph="HR/Ncmsc" id="36V4p">בְּ/כָל</w><seg type="x-maqqef">־</seg><w lemma="3820 a" n="0.1" morph="HNcmsa" id="36HsZ">לֵ֔ב</w>
          <w lemma="1323" n="0.0" morph="HNcfsc" id="36DgA">בַּ֖ת</w>
          <w lemma="3389" n="0" morph="HNp" id="36QCa">יְרוּשָׁלִָֽם</w><seg type="x-sof-pasuq">׃</seg>
        </verse>
        <verse osisID="Zeph.3.15">
          <w lemma="5493" morph="HVhp3ms" id="36nps">הֵסִ֤יר</w>
          <w lemma="3068" n="1.1.0" morph="HNp" id="36oA2">יְהוָה֙</w>
          <w lemma="4941" n="1.1" morph="HNcmpc/Sp2fs" id="36CYW">מִשְׁפָּטַ֔יִ/ךְ</w>
          <w lemma="6437" n="1.0" morph="HVpp3ms" id="36TDs">פִּנָּ֖ה</w>
          <w lemma="341" n="1" morph="HVqrmsc/Sp2fs" id="36fhx">אֹֽיְבֵ֑/ךְ</w>
          <w lemma="4428" morph="HNcmsc" id="36JPp">מֶ֣לֶךְ</w>
          <w lemma="3478" morph="HNp" id="36dWm">יִשְׂרָאֵ֤ל</w>
          <seg type="x-paseq">׀</seg>
          <w lemma="3068" n="0.1.0" morph="HNp" id="36BYg">יְהוָה֙</w>
          <w lemma="b/7130" n="0.1" morph="HR/Ncmsc/Sp2fs" id="369by">בְּ/קִרְבֵּ֔/ךְ</w>
          <w lemma="3808" morph="HTn" id="36VRt">לֹא</w><seg type="x-maqqef">־</seg><w lemma="3372" morph="HVqi2fs" id="36CPS">תִֽירְאִ֥י</w>
          <w lemma="7451 b" n="0.0" morph="HAamsa" id="36fiV">רָ֖ע</w>
          <w lemma="5750" n="0" morph="HD" id="36vAa">עֽוֹד</w><seg type="x-sof-pasuq">׃</seg>
        </verse>
        <verse osisID="Zeph.3.16">
          <w lemma="b/3117" morph="HRd/Ncmsa" id="368Na">בַּ/יּ֣וֹם</w>
          <w lemma="d/1931" n="1.1" morph="HTd/Pp3ms" id="36RZN">הַ/ה֔וּא</w>
          <w lemma="559" morph="HVNi3ms" id="36krV">יֵאָמֵ֥ר</w>
          <w lemma="l/3389" n="1.0" morph="HR/Np" id="36sQy">לִ/ירֽוּשָׁלִַ֖ם</w>
          <w lemma="408" morph="HTn" id="36asy">אַל</w><seg type="x-maqqef">־</seg><w lemma="3372" n="1" morph="HVqj2fs" id="36rxG">תִּירָ֑אִי</w>
          <w lemma="6726" n="0.0" morph="HNp" id="366fj">צִיּ֖וֹן</w>
          <w lemma="408" morph="HTn" id="36oGi">אַל</w><seg type="x-maqqef">־</seg><w lemma="7503" morph="HVqj3mp" id="36PrG">יִרְפּ֥וּ</w>
          <w lemma="3027" n="0" morph="HNcbdc/Sp2fs" id="36Ao4">יָדָֽיִ/ךְ</w><seg type="x-sof-pasuq">׃</seg>
        </verse>
        <verse osisID="Zeph.3.17">
          <w lemma="3068" morph="HNp" id="36fjK">יְהוָ֧ה</w>
          <w lemma="430" n="1.0.0" morph="HNcmpc/Sp2fs" id="36Dwm">אֱלֹהַ֛יִ/ךְ</w>
          <w lemma="b/7130" n="1.0" morph="HR/Ncmsc/Sp2fs" id="3631Z">בְּ/קִרְבֵּ֖/ך</w>
          <note n="Q">We agree with both BHS 1997 and BHQ on an unexpected reading. </note>
          <w lemma="1368" morph="HAamsa" id="36nRw">גִּבּ֣וֹר</w>
          <w lemma="3467" n="1" morph="HVhi3ms" id="36qjY">יוֹשִׁ֑יעַ</w>
          <w lemma="7797" morph="HVqi3ms" id="362oH">יָשִׂ֨ישׂ</w>
          <w lemma="5921 a" n="0.1.1.0" morph="HR/Sp2fs" id="36H3W">עָלַ֜יִ/ךְ</w>
          <w lemma="b/8057" n="0.1.1" morph="HR/Ncfsa" id="36wQL">בְּ/שִׂמְחָ֗ה</w>
          <w lemma="2790 b" n="0.1.0" morph="HVhi3ms" id="364LW">יַחֲרִישׁ֙</w>
          <w lemma="b/160" n="0.1" morph="HR/Ncfsc/Sp3ms" id="36q4j">בְּ/אַ֣הֲבָת֔/וֹ</w>
          <w lemma="1523" morph="HVqi3ms" id="36Jdu">יָגִ֥יל</w>
          <w lemma="5921 a" n="0.0" morph="HR/Sp2fs" id="36cgg">עָלַ֖יִ/ךְ</w>
          <w lemma="b/7440" n="0" morph="HR/Ncfsa" id="36x5W">בְּ/רִנָּֽה</w><seg type="x-sof-pasuq">׃</seg>
        </verse>
        <verse osisID="Zeph.3.18">
          <w lemma="3013" morph="HVNrmpc" id="36s3h">נוּגֵ֧י</w>
          <w lemma="m/4150" n="1.0.0" morph="HR/Ncmsa" id="36ymv">מִ/מּוֹעֵ֛ד</w>
          <w lemma="622" n="1.0" morph="HVqp1cs" id="3662T">אָסַ֖פְתִּי</w>
          <w lemma="4480 a" morph="HR/Sp2fs" id="36NmZ">מִמֵּ֣/ךְ</w>
          <w lemma="1961" n="1" morph="HVqp3cp" id="36RD4">הָי֑וּ</w>
          <w lemma="4864" morph="HNcfsa" id="36Xjv">מַשְׂאֵ֥ת</w>
          <w lemma="5921 a" n="0.0" morph="HR/Sp3fs" id="36WVH">עָלֶ֖י/הָ</w>
          <w lemma="2781" n="0" morph="HNcfsa" id="36WMK">חֶרְפָּֽה</w><seg type="x-sof-pasuq">׃</seg>
        </verse>
        <verse osisID="Zeph.3.19">
          <w lemma="2005" morph="HTm/Sp1cs" id="36ctU">הִנְ/נִ֥י</w>
          <w lemma="6213 a" n="1.0.0" morph="HVqrmsa" id="36CmP">עֹשֶׂ֛ה</w>
          <w lemma="853" morph="HTo" id="36LY2">אֶת</w><seg type="x-maqqef">־</seg><w lemma="3605" morph="HNcmsc" id="36k7w">כָּל</w><seg type="x-maqqef">־</seg><w lemma="6031 b" n="1.0" morph="HVprmpc/Sp2fs" id="36JFy">מְעַנַּ֖יִ/ךְ</w>
          <w lemma="b/6256" morph="HRd/Ncbsa" id="36Amf">בָּ/עֵ֣ת</w>
          <w lemma="d/1931" n="1" morph="HTd/Pp3fs" id="36i9m">הַ/הִ֑יא</w>
          <w lemma="c/3467" morph="HC/Vhq1cs" id="36FCo">וְ/הוֹשַׁעְתִּ֣י</w>
          <w lemma="853" morph="HTo" id="36wNS">אֶת</w><seg type="x-maqqef">־</seg><w lemma="d/6760" n="0.2.1" morph="HTd/Vqrfsa" id="36XPV">הַ/צֹּלֵעָ֗ה</w>
          <w lemma="c/d/5080" n="0.2.0" morph="HC/Td/VNsfsa" id="36K9E">וְ/הַ/נִּדָּחָה֙</w>
          <w lemma="6908" n="0.2" morph="HVpi1cs" id="36sNR">אֲקַבֵּ֔ץ</w>
          <w lemma="c/7760 a" n="0.1.0" morph="HC/Vqq1cs/Sp3mp" id="36pww">וְ/שַׂמְתִּי/ם֙</w>
          <w lemma="l/8416" morph="HR/Ncfsa" id="36d1k">לִ/תְהִלָּ֣ה</w>
          <w lemma="c/l/8034" n="0.1" morph="HC/R/Ncmsa" id="36Gpp">וּ/לְ/שֵׁ֔ם</w>
          <w lemma="b/3605" morph="HR/Ncmsc" id="36T85">בְּ/כָל</w><seg type="x-maqqef">־</seg><w lemma="d/776" n="0.0" morph="HTd/Ncbsa" id="36E2x">הָ/אָ֖רֶץ</w>
          <w lemma="1322" n="0" morph="HNcfsc/Sp3mp" id="36vUM">בָּשְׁתָּֽ/ם</w><seg type="x-sof-pasuq">׃</seg>
        </verse>
        <verse osisID="Zeph.3.20">
          <w lemma="b/6256" morph="HRd/Ncbsa" id="36pMW">בָּ/עֵ֤ת</w>
          <w lemma="d/1931" n="1.1.0" morph="HTd/Pp3fs" id="36fiZ">הַ/הִיא֙</w>
          <w lemma="935" morph="HVhi1cs" id="36FQf">אָבִ֣יא</w>
          <w lemma="853" n="1.1" morph="HTo/Sp2mp" id="36Gbx">אֶתְ/כֶ֔ם</w>
          <w lemma="c/b/6256" n="1.0" morph="HC/Rd/Ncbsa" id="36H82">וּ/בָ/עֵ֖ת</w>
          <w lemma="6908" morph="HVpc/Sp1cs" id="36XaZ">קַבְּצִ֣/י</w>
          <w lemma="853" n="1" morph="HTo/Sp2mp" id="36RGz">אֶתְ/כֶ֑ם</w>
          <w lemma="3588 a" morph="HC" id="36tQ1">כִּֽי</w><seg type="x-maqqef">־</seg><w lemma="5414" morph="HVqi1cs" id="36oSR">אֶתֵּ֨ן</w>
          <w lemma="853" n="0.1.1.0" morph="HTo/Sp2mp" id="36rUR">אֶתְ/כֶ֜ם</w>
          <w lemma="l/8034" morph="HR/Ncmsa" id="36NME">לְ/שֵׁ֣ם</w>
          <w lemma="c/l/8416" n="0.1.1" morph="HC/R/Ncfsa" id="36eQs">וְ/לִ/תְהִלָּ֗ה</w>
          <w lemma="b/3605" n="0.1.0" morph="HR/Ncmsc" id="36fE2">בְּ/כֹל֙</w>
          <w lemma="5971 a" morph="HNcmpc" id="36rio">עַמֵּ֣י</w>
          <w lemma="d/776" n="0.1" morph="HTd/Ncbsa" id="36hum">הָ/אָ֔רֶץ</w>
          <w lemma="b/7725" morph="HR/Vqc/Sp1cs" id="36UG5">בְּ/שׁוּבִ֧/י</w>
          <w lemma="853" morph="HTo" id="36tZb">אֶת</w><seg type="x-maqqef">־</seg><w lemma="7622" n="0.0.0" morph="HNcfpc/Sp2mp" id="36UEd">שְׁבוּתֵי/כֶ֛ם</w>
          <w lemma="l/5869 a" n="0.0" morph="HR/Ncbdc/Sp2mp" id="36zit">לְ/עֵינֵי/כֶ֖ם</w>
          <w lemma="559" morph="HVqp3ms" id="36pcg">אָמַ֥ר</w>
          <w lemma="3068" n="0" morph="HNp" id="361pD">יְהוָֽה</w><seg type="x-sof-pasuq">׃</seg>
        </verse>
      </chapter>
    </div>
  </osisText>
</osis>